{"sections":{"preloader":{"type":"preloader","disabled":true,"settings":{"preloader_color":"#ffffff","preloader_logo_type":"image","preloader_text":"Urban Artery","preloader_txt_color":"#000000","preloader_txt_size":12,"preloader_logo":"shopify:\/\/shop_images\/Urban_Artery_Logo.png","preloader_duration":1}},"email_popup":{"type":"email-popup","disabled":true,"settings":{"popup_title":"GET NOTIFIED OF NEXT DROP","popup_description":"Lorem ipsum dolor sit amet consectetur. Mauris orci viverra nec ac aliquet elit imperdiet egestas sit.","privacy_text":"By signing up, you agree to receive email marketing and accept our privacy policy.","success_title":"Thank You!","success_message":"You've been successfully added to our mailing list. Stay tuned for updates!","form_background_color":"#f2f2f2","title_color":"#000000","description_color":"#1b1b1b","privacy_text_color":"#1b1b1b","input_background_color":"#ffffff","input_text_color":"#333333","input_placeholder_color":"#999999","submit_button_color":"#fe0100","submit_button_text_color":"#ffffff","close_button_color":"#333333","success_title_color":"#000000","success_message_color":"#333333","disable_bottom_fade":false,"remove_border_radius":false,"enable_test_mode":false}},"background":{"type":"default-background","settings":{"password_bg_style":"color","bg_slide_1":"shopify:\/\/shop_images\/tonitool_modern_industrial_loft_interior_single_framed_Banksy_5c82a246-591c-40c7-b8cd-884e40069b80_0.png","bg_color":"#ffffff","bg_color_mobile":"#ffffff","overlay_top_color":"#000000","overlay_top_opacity":0,"overlay_bottom_color":"#000000","overlay_bottom_opacity":0,"overlay_top_color_mobile":"#000000","overlay_top_opacity_mobile":0,"overlay_bottom_color_mobile":"#000000","overlay_bottom_opacity_mobile":0,"show_background_image_mobile":false}},"compact_menu_tydefT":{"type":"compact-menu","name":"Compact Menu","settings":{"logo-alignment":"right","menu_margin_top":0}},"hero_d8iRWF":{"type":"hero","blocks":{"button_dQHH3K":{"type":"button","settings":{"text":"Inspiration","link":"","bg_color":"#ffffff","text_color":"#000000","border_radius":0}},"button_M4LCAf":{"type":"button","settings":{"text":"Konfigurator","link":"shopify:\/\/products\/masterprodukt-individuelle-streetart","bg_color":"#ff0087","text_color":"#ffffff","border_radius":0}}},"block_order":["button_dQHH3K","button_M4LCAf"],"custom_css":[".hero-slideshow {width: 100%; height: 100%; position: relative; overflow: hidden;}",".hero-slide {position: absolute; inset: 0; opacity: 0; transition: opacity 1.5s ease-in-out;}",".hero-slide:nth-child(1) {animation: fade1 25s infinite;}",".hero-slide:nth-child(2) {animation: fade2 25s infinite;}",".hero-slide:nth-child(3) {animation: fade3 25s infinite;}",".hero-slide:nth-child(4) {animation: fade4 25s infinite;}",".hero-slide:nth-child(5) {animation: fade5 25s infinite;}"],"name":"Hero","settings":{"media_type":"video","video":"shopify:\/\/files\/videos\/1080pUrban ArteryWerbefilmKünstlermotive.mov","image_1":"shopify:\/\/shop_images\/tonitool_modern_industrial_loft_interior_single_framed_Banksy_5c82a246-591c-40c7-b8cd-884e40069b80_0.png","title":"Dein Street-Art Unikat.","hero_height":"75vh","use_image_mobile":false,"single_image_mobile":true,"mobile_image_preference":"image_1","content_position":"bottom_center","title_weight":"700","title_color":"#ffffff","show_top_overlay":false,"show_bottom_overlay":true,"top_overlay_color":"#000000","bottom_overlay_color":"#1b1b1b","top_overlay_height":40,"bottom_overlay_height":20,"top_spacing":0,"bottom_spacing":20,"top_spacing_mobile":0,"bottom_spacing_mobile":16}},"text_block_WtzR4p":{"type":"text-block","name":"Text Block","settings":{"subtitle":"","text":"Echte Street-Art für Dein zu Hause.\nGestaltet von Dir. \n<br>Handgefertigt von unseren Künstlern.","subtitle_alignment":"center","text_alignment":"center","subtitle_font":"inconsolata_n4","enable_custom_subtitle_font":false,"custom_subtitle_font_name":"","custom_subtitle_font":"","text_font":"inconsolata_n4","enable_custom_text_font":true,"custom_text_font_name":"Allerta Stencil","custom_text_font":"https:\/\/cdn.shopify.com\/s\/files\/1\/0607\/9781\/2964\/files\/AllertaStencil-Regular.ttf?v=1762437665","subtitle_size":16,"subtitle_size_mobile":14,"text_size":32,"text_size_mobile":24,"subtitle_bold":false,"text_bold":false,"background_color":"linear-gradient(180deg, rgba(255, 255, 255, 1), rgba(255, 255, 255, 1) 100%)","subtitle_color":"#1b1b1b","text_color":"#1b1b1b","text_animation_type":"none","top_spacing":20,"bottom_spacing":20,"top_spacing_mobile":20,"bottom_spacing_mobile":20,"remove_padding":false}},"17665080374dcf2d00":{"type":"apps","blocks":{"zakeke_product_customiser_2d3d_zakeke_customizer_TmTpci":{"type":"shopify:\/\/apps\/zakeke-product-customiser-2d3d\/blocks\/zakeke-customizer\/40f7d63b-2e60-4d29-a347-f3c5c69e4428","settings":{"product":"masterprodukt-individuelle-streetart"}}},"block_order":["zakeke_product_customiser_2d3d_zakeke_customizer_TmTpci"],"settings":{}},"product_carousel_ckkegC":{"type":"product-carousel","blocks":{"product_U6dByY":{"type":"product","settings":{"product":"seal-von-marshal-arts-als-individualisierbares-unikat-bei-urban-artery"}},"product_med7qx":{"type":"product","settings":{"product":"balloonboy-von-kamelogana"}},"product_kfCcxh":{"type":"product","settings":{"product":"dalmatian-von-marshal-arts-als-individualisierbares-unikat-bei-urban-artery"}},"product_8dM8UF":{"type":"product","settings":{"product":"family-von-leloup-als-individualisierbares-unikat-bei-urban-artery"}},"product_kiwhgR":{"type":"product","settings":{"product":"kitsune-von-marshal-arts-als-individualisierbares-unikat-bei-urban-artery"}},"product_xtmpnM":{"type":"product","settings":{"product":"230216_kunstler_marshall_arts"}}},"block_order":["product_U6dByY","product_med7qx","product_kfCcxh","product_8dM8UF","product_kiwhgR","product_xtmpnM"],"name":"Product Carousel","settings":{"title":"Beliebte Werke","shop_text":"SHOP","shop_link":"","product_text_alignment":"center","show_product_titles":true,"show_product_prices":true,"show_compare_price":true,"show_sold_out_badge":true,"show_sale_badge":true,"show_preorder_badge":true,"products_per_row":4,"products_per_row_mobile":2,"title_size_desktop":26,"title_size_mobile":14,"product_title_size_desktop":14,"product_title_size_mobile":12,"product_price_size_desktop":14,"product_price_size_mobile":12,"title_weight":false,"link_weight":false,"product_title_weight":false,"background_color":"rgba(0,0,0,0)","title_color":"#000000","arrow_color":"#000000","product_title_color":"#000000","product_price_color":"#000000","preorder_bg_color":"#000000","preorder_text_color":"#ffffff","sold_out_bg_color":"#000000","sold_out_text_color":"#ffffff","sale_bg_color":"#ff0000","sale_text_color":"#ffffff","compare_price_color":"#ff0000","margin_top_desktop":20,"margin_bottom_desktop":20,"margin_top_mobile":16,"margin_bottom_mobile":16,"header_grid_spacing":32,"image_info_spacing":24,"price_spacing":8,"product_gap_desktop":16,"product_gap_mobile":16,"product_collection":""}},"video_spotlight_6Lb88E":{"type":"video-spotlight","disabled":true,"name":"Video Spotlight","settings":{"header_text":"","header_link":"","header_link_text":"VIEW","autoplay":true,"show_controls":true,"width_style":"full_width_margin","aspect_ratio":"56","title_size_desktop":16,"title_size_mobile":14,"title_weight":false,"link_weight":false,"header_color":"#000000","background_color":"rgba(0,0,0,0)","border_radius":8,"top_spacing":20,"bottom_spacing":20,"top_spacing_mobile":20,"bottom_spacing_mobile":20}},"blocks_AX74h7":{"type":"_blocks","blocks":{"ai_gen_block_bce51f8_9RrUqd":{"type":"ai_gen_block_bce51f8","name":"App widgets row","settings":{"widget_1_html":"<div class=\"widget-section center-align\">\n  <h2 class=\"widget-heading\">Aus Foto wird Kunst<\/h2>\n<\/div>","widget_2_html":"<div class=\"widget-section center-align\">\n  <h2 class=\"widget-heading\">Aus quer wird hoch<\/h2>\n<\/div>","horizontal_alignment":"space-between","vertical_alignment":"flex-start","gap":20,"widget_width":45,"min_width":200,"mobile_layout":"column","mobile_gap":15,"padding_top":20,"padding_bottom":20,"padding_horizontal":20,"mobile_padding_top":15,"mobile_padding_bottom":15,"mobile_padding_horizontal":15,"background_color":"#ffffff"},"blocks":{}},"ai_gen_block_bce51f8_M79RG7":{"type":"ai_gen_block_bce51f8","settings":{"widget_1_html":"<widgetic id=\"62ff4bdbecb2a131068b4569\" resize=\"fill-width\" width=\"800\" height=\"583\" autoscale=\"on\" adaptive=\"414\"><\/widgetic><script async=\"\" src=\"https:\/\/widgetic.com\/sdk\/sdk.js\"><\/script>","widget_2_html":"<widgetic id=\"62bae622ecb2a15a7c8b456c\" resize=\"fill-width\" width=\"800\" height=\"583\" autoscale=\"on\" adaptive=\"414\"><\/widgetic><script async=\"\" src=\"https:\/\/widgetic.com\/sdk\/sdk.js\"><\/script>","horizontal_alignment":"space-between","vertical_alignment":"flex-start","gap":20,"widget_width":45,"min_width":200,"mobile_layout":"column","mobile_gap":15,"padding_top":20,"padding_bottom":20,"padding_horizontal":20,"mobile_padding_top":15,"mobile_padding_bottom":15,"mobile_padding_horizontal":15,"background_color":"#ffffff"},"blocks":{}}},"block_order":["ai_gen_block_bce51f8_9RrUqd","ai_gen_block_bce51f8_M79RG7"],"custom_css":["\/* Centered section *\/.widget-section.center-align {max-width: 900px; margin: 0 auto; text-align: center; \/* <— Center heading + widget *\/}"," \/* Heading styling *\/.widget-section.center-align .widget-heading {font-size: 2rem; font-weight: 600; color: #222; letter-spacing: 0.5px;}"," \/* Make the widgetic element centered *\/.widget-section.center-align widgetic {display: inline-block; \/* Fixes alignment *\/ margin: 0 auto; \/* Centers widget *\/ text-align: center;}"],"name":"App widgets row","settings":{}},"collection_display_MpAKeL":{"type":"collection-display","name":"Collection Display","settings":{"selected_collection":"alle-werke-von-the-postman","title":"Top Seller","product_text_alignment":"center","show_product_titles":true,"show_product_prices":true,"show_compare_price":true,"show_sold_out_badge":true,"show_preorder_badge":true,"show_sale_badge":true,"products_per_row":4,"products_per_row_mobile":2,"hover_image_behavior":"auto_cycle","hover_transition_duration":550,"title_size_desktop":26,"title_size_mobile":14,"product_title_size_desktop":14,"product_title_size_mobile":12,"product_price_size_desktop":14,"product_price_size_mobile":12,"title_weight":false,"product_title_weight":false,"background_color":"rgba(0,0,0,0)","title_color":"#000000","product_title_color":"#000000","product_price_color":"#000000","preorder_bg_color":"#000000","preorder_text_color":"#ffffff","sold_out_bg_color":"#000000","sold_out_text_color":"#ffffff","sale_bg_color":"#ff0000","sale_text_color":"#ffffff","compare_price_color":"#ff0000","margin_top_desktop":20,"margin_bottom_desktop":20,"margin_top_mobile":16,"margin_bottom_mobile":16,"header_grid_spacing":32,"image_info_spacing":24,"price_spacing":8,"product_gap_desktop":16,"product_gap_mobile":16,"row_gap":16,"row_gap_mobile":16,"view_all_button_bg_color":"#000000","view_all_button_text_color":"#ffffff","auto_cycle_limit":"all_images"}},"collection_display_38zQjj":{"type":"collection-display","name":"Collection Display","settings":{"selected_collection":"alle-werke-von-bona_berlin-bei-urban-artery","title":"Neue Motive","product_text_alignment":"center","show_product_titles":true,"show_product_prices":true,"show_compare_price":true,"show_sold_out_badge":true,"show_preorder_badge":true,"show_sale_badge":true,"products_per_row":4,"products_per_row_mobile":2,"hover_image_behavior":"auto_cycle","hover_transition_duration":550,"title_size_desktop":26,"title_size_mobile":14,"product_title_size_desktop":14,"product_title_size_mobile":12,"product_price_size_desktop":14,"product_price_size_mobile":12,"title_weight":false,"product_title_weight":false,"background_color":"rgba(0,0,0,0)","title_color":"#000000","product_title_color":"#000000","product_price_color":"#000000","preorder_bg_color":"#000000","preorder_text_color":"#ffffff","sold_out_bg_color":"#000000","sold_out_text_color":"#ffffff","sale_bg_color":"#ff0000","sale_text_color":"#ffffff","compare_price_color":"#ff0000","margin_top_desktop":20,"margin_bottom_desktop":20,"margin_top_mobile":16,"margin_bottom_mobile":16,"header_grid_spacing":32,"image_info_spacing":24,"price_spacing":8,"product_gap_desktop":16,"product_gap_mobile":16,"row_gap":16,"row_gap_mobile":16,"view_all_button_bg_color":"#000000","view_all_button_text_color":"#ffffff","auto_cycle_limit":"all_images"}},"product_carousel_nhixtn":{"type":"product-carousel","blocks":{"product_iC6WVK":{"type":"product","settings":{"product":"seal-von-marshal-arts-als-individualisierbares-unikat-bei-urban-artery"}},"product_hXiJHT":{"type":"product","settings":{"product":"balloonboy-von-kamelogana"}},"product_W6QEdR":{"type":"product","settings":{"product":"dalmatian-von-marshal-arts-als-individualisierbares-unikat-bei-urban-artery"}},"product_x8peEY":{"type":"product","settings":{"product":"family-von-leloup-als-individualisierbares-unikat-bei-urban-artery"}},"product_H8KLyw":{"type":"product","settings":{"product":"kitsune-von-marshal-arts-als-individualisierbares-unikat-bei-urban-artery"}},"product_w4c9iz":{"type":"product","settings":{"product":"230216_kunstler_marshall_arts"}}},"block_order":["product_iC6WVK","product_hXiJHT","product_W6QEdR","product_x8peEY","product_H8KLyw","product_w4c9iz"],"name":"Product Carousel","settings":{"title":"Unsere Top Seller","shop_text":"SHOP","shop_link":"","product_text_alignment":"center","show_product_titles":true,"show_product_prices":true,"show_compare_price":true,"show_sold_out_badge":true,"show_sale_badge":true,"show_preorder_badge":true,"products_per_row":4,"products_per_row_mobile":2,"title_size_desktop":26,"title_size_mobile":14,"product_title_size_desktop":14,"product_title_size_mobile":12,"product_price_size_desktop":14,"product_price_size_mobile":12,"title_weight":false,"link_weight":false,"product_title_weight":false,"background_color":"rgba(0,0,0,0)","title_color":"#000000","arrow_color":"#000000","product_title_color":"#000000","product_price_color":"#000000","preorder_bg_color":"#000000","preorder_text_color":"#ffffff","sold_out_bg_color":"#000000","sold_out_text_color":"#ffffff","sale_bg_color":"#ff0000","sale_text_color":"#ffffff","compare_price_color":"#ff0000","margin_top_desktop":20,"margin_bottom_desktop":20,"margin_top_mobile":16,"margin_bottom_mobile":16,"header_grid_spacing":32,"image_info_spacing":24,"price_spacing":8,"product_gap_desktop":16,"product_gap_mobile":16,"product_collection":""}},"lookbook_list_Q4T9Yj":{"type":"lookbook-list","blocks":{"collection_rLBJwG":{"type":"collection","settings":{"image":"shopify:\/\/shop_images\/UAPholder.png","title":"Auftragsarbeiten","description":"<a href=\"\/pages\/auftragsarbeiten\">Individueller geht es nicht!<\/a>","link":""}},"collection_TYYij8":{"type":"collection","settings":{"image":"shopify:\/\/shop_images\/UAPholder.png","title":"Unsere Story","description":"Zwei Dinge waren für uns ausschlaggebend, Urban Artery zu gründen: \nDie Leidenschaft für Urban Art.\nUnd die Idee, Kunstwerken eine persönliche Note geben zu können. \nErfahrt mehr über die Idee und das Team.","link":""}},"collection_kibk47":{"type":"collection","settings":{"image":"shopify:\/\/shop_images\/UAPholder.png","title":"\"How to start with blanks\"","description":"Lorem ipsum dolor sit amet, consectetur adipiscing elit. Sed do eiusmod tempor incididunt ut labore et dolore magna aliqua.","link":""}}},"block_order":["collection_rLBJwG","collection_TYYij8","collection_kibk47"],"name":"Collection List","settings":{"title":"","mobile_item_limit":"3","section_title_size_desktop":16,"section_title_size_mobile":14,"lookbook_title_size_desktop":14,"lookbook_title_size_mobile":12,"description_size_desktop":14,"description_size_mobile":12,"section_title_weight":false,"title_weight":false,"background_color":"#ffffff","section_title_color":"#000000","title_color":"#000000","description_color":"#655555","image_border_radius":0,"top_spacing":20,"bottom_spacing":20,"top_spacing_mobile":16,"bottom_spacing_mobile":16,"header_grid_spacing":32,"gap":28,"gap_mobile":16}},"1766488921a6be873b":{"type":"_blocks","blocks":{"ai_gen_block_9b11317_nQRfi8":{"type":"ai_gen_block_9b11317","settings":{"max_width":1200,"padding_top":40,"padding_bottom":40,"column_gap":40,"mobile_gap":30,"item_spacing":12,"background_color":"#f9f9f9","icon_color":"#000000","headline_color":"#000000","text_color":"#666666","link_color":"#000000","link_hover_color":"#ff0087","icon_size":40,"headline_size":16,"text_size":13,"link_size":12,"column_1_icon":"lock","column_1_headline":"Sichere Bezahlmethoden","column_1_text":"","column_1_link_text":"Learn more","column_1_link_url":"","show_logos_column_1":true,"column_2_icon":"shield","column_2_headline":"Unsere Zufriedenheitsgarantie","column_2_text":"Passt nicht? Schick's zurück. <br><b>30 Tage Lang.<\/b>","column_2_link_text":"Our promise","column_2_link_url":"","column_3_icon":"truck","column_3_headline":"Weltweite Lieferung","column_3_text":"","column_3_link_text":"Shipping info","column_3_link_url":"","show_logos_column_3":true,"logo_3_1":"shopify:\/\/shop_images\/dhl_1.png","logo_3_2":"shopify:\/\/shop_images\/UPS_Logo_Shield_2017.svg_1.png","logo_3_3":"shopify:\/\/shop_images\/Deutsche-Post-Logo_1.png","logo_height":24,"logo_gap":16,"logo_spacing":16,"logo_opacity":0.7,"show_divider":false,"divider_color":"#e0e0e0","divider_spacing":40},"blocks":{}}},"block_order":["ai_gen_block_9b11317_nQRfi8"],"settings":{}},"17664990060a6c0b62":{"type":"_blocks","blocks":{"ai_gen_block_6a4ab1a_UhLCr4":{"type":"ai_gen_block_6a4ab1a","settings":{"show_icon_1":false,"icon_1":"shipping","headline_1":"Brauchst Du Hilfe?","subheadline_1":"Unsere Kontaktmöglichkeiten","link_1":"","show_icon_2":true,"custom_icon_2":"shopify:\/\/shop_images\/img_icon_handy.png","icon_2":"returns","headline_2":"Telefon","subheadline_2":"+49 40 298 511-24","link_2":"tel:+49 40 298 511-24","show_icon_3":true,"custom_icon_3":"shopify:\/\/shop_images\/Icon_Insta2.png","icon_3":"secure","headline_3":"Instagram","subheadline_3":"PM bei Instagram","link_3":"","show_icon_4":true,"custom_icon_4":"shopify:\/\/shop_images\/ua-mail.jpg","icon_4":"support","headline_4":"Mail","subheadline_4":"info@urban-artery.de","link_4":"mailto:info@urban-artery.de","headline_size":20,"headline_weight":"600","subheadline_size":16,"subheadline_weight":"400","icon_size":46,"background_color":"#f9f9f9","icon_color":"#000000","headline_color":"#000000","subheadline_color":"#666666"},"blocks":{}}},"block_order":["ai_gen_block_6a4ab1a_UhLCr4"],"disabled":true,"settings":{}}},"order":["preloader","email_popup","background","compact_menu_tydefT","hero_d8iRWF","text_block_WtzR4p","17665080374dcf2d00","product_carousel_ckkegC","video_spotlight_6Lb88E","blocks_AX74h7","collection_display_MpAKeL","collection_display_38zQjj","product_carousel_nhixtn","lookbook_list_Q4T9Yj","1766488921a6be873b","17664990060a6c0b62"]}