{"sections":{"background":{"type":"default-background","settings":{"password_bg_style":"color","bg_color":"#ffffff","bg_color_mobile":"#ffffff","overlay_top_color":"#000000","overlay_top_opacity":0,"overlay_bottom_color":"#000000","overlay_bottom_opacity":0,"overlay_top_color_mobile":"#000000","overlay_top_opacity_mobile":0,"overlay_bottom_color_mobile":"#000000","overlay_bottom_opacity_mobile":0,"show_background_image_mobile":false}},"clock":{"type":"default-timezone","settings":{"index_date_color":"#000000","index_time_color":"#000000","background_color":"rgba(0,0,0,0)"}},"text_block_Kn6epD":{"type":"text-block","name":"Text Block","settings":{"subtitle":"Urban Artery","text":"Werde Teil von Urban Artery!","subtitle_alignment":"center","text_alignment":"center","subtitle_font":"inconsolata_n4","enable_custom_subtitle_font":false,"custom_subtitle_font_name":"","custom_subtitle_font":"","text_font":"inconsolata_n4","enable_custom_text_font":true,"custom_text_font_name":"allerta stencil","custom_text_font":"https:\/\/cdn.shopify.com\/s\/files\/1\/0607\/9781\/2964\/files\/AllertaStencil-Regular.ttf?v=1762437665","subtitle_size":16,"subtitle_size_mobile":14,"text_size":50,"text_size_mobile":24,"subtitle_bold":false,"text_bold":false,"background_color":"linear-gradient(180deg, rgba(255, 255, 255, 1), rgba(255, 255, 255, 1) 100%)","subtitle_color":"#1b1b1b","text_color":"#1b1b1b","text_animation_type":"none","top_spacing":20,"bottom_spacing":20,"top_spacing_mobile":20,"bottom_spacing_mobile":20,"remove_padding":false}},"blocks_HNhyLD":{"type":"_blocks","blocks":{"ai_gen_block_e51f5ef_NMG4XJ":{"type":"ai_gen_block_e51f5ef","settings":{"image":"shopify:\/\/shop_images\/UA-Gutschein_8b67f75d-a585-4a26-8416-7ce76af169e8.png","heading":"Das perfekte Geschenk: Urban Artery Gutscheine!","description":"<p>Du findest Gutscheine schenken langweilig und unpersönlich? Wir eigentlich auch. Mit Urban Artery schenkst du jedoch Kunst, Kreativität und Leidenschaft. Es steht nur Gutschein drauf, ist aber tatsächlich Individualität drin.<br\/><br\/>Wähle einfach deinen Geschenkwert aus und packe den Gutschein in deinen Warenkorb. Du erhältst deinen persönlichen Gutscheincode dann als PDF innerhalb von 24 Stunden per Email von uns.<br\/><br\/>So kannst du ganz einfach deinen Herzensmenschen überraschen!<\/p><p><\/p><p>Hier geht es zu unseren Gutscheinen!<\/p>","gap":40,"gap_mobile":20,"padding_vertical":40,"padding_horizontal":40,"padding_vertical_mobile":20,"padding_horizontal_mobile":20,"content_padding":20,"content_padding_mobile":0,"background_color":"#ffffff","heading_color":"#1b1b1b","text_color":"#1b1b1b","heading_size":32,"heading_size_mobile":24,"heading_spacing":20,"heading_spacing_mobile":15,"text_size":16,"text_size_mobile":14},"blocks":{}}},"block_order":["ai_gen_block_e51f5ef_NMG4XJ"],"name":"Image with text","settings":{}}},"order":["background","clock","text_block_Kn6epD","blocks_HNhyLD"]}