{"sections":{"background":{"type":"default-background","settings":{"password_bg_style":"color","bg_color":"#ffffff","bg_color_mobile":"#ffffff","overlay_top_color":"#000000","overlay_top_opacity":0,"overlay_bottom_color":"#000000","overlay_bottom_opacity":0,"overlay_top_color_mobile":"#000000","overlay_top_opacity_mobile":0,"overlay_bottom_color_mobile":"#000000","overlay_bottom_opacity_mobile":0,"show_background_image_mobile":false}},"clock":{"type":"default-timezone","settings":{"index_date_color":"#000000","index_time_color":"#000000","background_color":"rgba(0,0,0,0)"}},"text_block_Kn6epD":{"type":"text-block","name":"Text Block","settings":{"subtitle":"Urban Artery","text":"Auftragsarbeiten","subtitle_alignment":"center","text_alignment":"center","subtitle_font":"inconsolata_n4","enable_custom_subtitle_font":false,"custom_subtitle_font_name":"","custom_subtitle_font":"","text_font":"inconsolata_n4","enable_custom_text_font":true,"custom_text_font_name":"allerta stencil","custom_text_font":"https:\/\/cdn.shopify.com\/s\/files\/1\/0607\/9781\/2964\/files\/AllertaStencil-Regular.ttf?v=1762437665","subtitle_size":16,"subtitle_size_mobile":14,"text_size":50,"text_size_mobile":24,"subtitle_bold":false,"text_bold":false,"background_color":"linear-gradient(180deg, rgba(255, 255, 255, 1), rgba(255, 255, 255, 1) 100%)","subtitle_color":"#1b1b1b","text_color":"#1b1b1b","text_animation_type":"none","top_spacing":20,"bottom_spacing":20,"top_spacing_mobile":20,"bottom_spacing_mobile":20,"remove_padding":false}},"blocks_HNhyLD":{"type":"_blocks","blocks":{"ai_gen_block_e51f5ef_NMG4XJ":{"type":"ai_gen_block_e51f5ef","settings":{"image":"shopify:\/\/shop_images\/Impressionen2.jpg","heading":"Geht nicht gibt’s nicht. ","description":"<p>Du findest im Konfigurator nicht die passenden Designelemente, die von dir gewünschte Größe oder Trägermaterialien werden nicht angeboten? Du willst es richtig custom made und hast ganz viele Sonderwünsche? Du möchtest von uns oder einem unserer Künstler persönlich beraten werden? Dann ist eine Auftragsarbeit genau das Richtige für dich!  <strong>Wie funktionieren Auftragsarbeiten bei Urban Artery?<\/strong> In einem Beratungsgespräch per Telefon oder Videokonfernz erzählst du uns von deinen Vorstellungen und Wünschen. Der passende Künstler wird daraufhin einen digitalen Gestaltungsvorschlag anlegen. Mithilfe dieses Vorschlags stimmen wir uns weiter ab – bis das perfekte Werk skizziert ist.  Deiner Fantasie sind dabei so gut wie keine Grenzen gesetzt. Wenn alles stimmt, kalkulieren wir dir die Kosten und das Werk wird für dich handgefertigt.  <\/p><p>Nimm also einfach Kontakt zu uns auf - entweder über das Kontaktformular, unsere Hotline oder per Email an: <a href=\"mailto:info@urban-artery.de\" target=\"_blank\"><span style=\"text-decoration:underline\">info@urban-artery.de<\/span><\/a>.  Pssst: Ein so individuell gefertigtes Werk erzählt eine ganz besondere Geschichte und ist auch ein tolles Geschenk zu einem besonderen Anlass wie einem runden Geburtstag, Hochzeit oder Firmenjubiläum. <\/p>","gap":40,"gap_mobile":20,"padding_vertical":40,"padding_horizontal":40,"padding_vertical_mobile":20,"padding_horizontal_mobile":20,"content_padding":20,"content_padding_mobile":0,"background_color":"#ffffff","heading_color":"#1b1b1b","text_color":"#1b1b1b","heading_size":32,"heading_size_mobile":24,"heading_spacing":20,"heading_spacing_mobile":15,"text_size":16,"text_size_mobile":14},"blocks":{}}},"block_order":["ai_gen_block_e51f5ef_NMG4XJ"],"name":"Image with text","settings":{}}},"order":["background","clock","text_block_Kn6epD","blocks_HNhyLD"]}