{"sections":{"background":{"type":"default-background","settings":{"password_bg_style":"color","bg_color":"#ffffff","bg_color_mobile":"#ffffff","overlay_top_color":"#000000","overlay_top_opacity":0,"overlay_bottom_color":"#000000","overlay_bottom_opacity":0,"overlay_top_color_mobile":"#000000","overlay_top_opacity_mobile":0,"overlay_bottom_color_mobile":"#000000","overlay_bottom_opacity_mobile":0,"show_background_image_mobile":false}},"clock":{"type":"default-timezone","settings":{"index_date_color":"#000000","index_time_color":"#000000","background_color":"rgba(0,0,0,0)"}},"text_block_mXhEVW":{"type":"text-block","name":"Text Block","settings":{"subtitle":"Kontakt","text":"Du hast Fragen zu Urban Artery? Du suchst spezielle Motive? <br>Du hast generelles Feedback an uns? \n\n<br>\n<br>Nimm gerne über unser Formular Kontakt auf oder schick uns eine Mail an info(at)urban-artery.de.","subtitle_alignment":"center","text_alignment":"center","subtitle_font":"inconsolata_n4","enable_custom_subtitle_font":true,"custom_subtitle_font_name":"Allerta Stencil","custom_subtitle_font":"https:\/\/cdn.shopify.com\/s\/files\/1\/0607\/9781\/2964\/files\/AllertaStencil-Regular.ttf?v=1762437665","text_font":"inconsolata_n4","enable_custom_text_font":false,"custom_text_font_name":"Allerta Stencil","custom_text_font":"https:\/\/cdn.shopify.com\/s\/files\/1\/0607\/9781\/2964\/files\/AllertaStencil-Regular.ttf?v=1762437665","subtitle_size":32,"subtitle_size_mobile":14,"text_size":24,"text_size_mobile":24,"subtitle_bold":false,"text_bold":false,"background_color":"linear-gradient(180deg, rgba(255, 255, 255, 1), rgba(255, 255, 255, 1) 100%)","subtitle_color":"#1b1b1b","text_color":"#1b1b1b","text_animation_type":"none","top_spacing":20,"bottom_spacing":20,"top_spacing_mobile":20,"bottom_spacing_mobile":20,"remove_padding":false}},"content":{"type":"contact-content","settings":{"contact-message":"Bitte rechnen Sie mit 3-5 Werktagen Bearbeitungszeit für Ihre Anfrage.","contact_text_color":"#000000"}},"form":{"type":"contact-form","settings":{"field-bg-color":"#ffffff","field-text-color":"#000000","submit-bg-color":"#ff0087","submit-text-color":"#ffffff","back-home-color":"#000000","back-home-text-color":"#ffffff"}}},"order":["background","clock","text_block_mXhEVW","content","form"]}