{"sections":{"background":{"type":"default-background","settings":{"password_bg_style":"color","bg_color":"#ffffff","bg_color_mobile":"#ffffff","overlay_top_color":"#000000","overlay_top_opacity":0,"overlay_bottom_color":"#000000","overlay_bottom_opacity":0,"overlay_top_color_mobile":"#000000","overlay_top_opacity_mobile":0,"overlay_bottom_color_mobile":"#000000","overlay_bottom_opacity_mobile":0,"show_background_image_mobile":false}},"clock":{"type":"default-timezone","settings":{"index_date_color":"#000000","index_time_color":"#000000","background_color":"rgba(0,0,0,0)"}},"text_block_Kn6epD":{"type":"text-block","name":"Text Block","settings":{"subtitle":"Urban Artery","text":"Werde Teil von Urban Artery!","subtitle_alignment":"center","text_alignment":"center","subtitle_font":"inconsolata_n4","enable_custom_subtitle_font":false,"custom_subtitle_font_name":"","custom_subtitle_font":"","text_font":"inconsolata_n4","enable_custom_text_font":true,"custom_text_font_name":"allerta stencil","custom_text_font":"https:\/\/cdn.shopify.com\/s\/files\/1\/0607\/9781\/2964\/files\/AllertaStencil-Regular.ttf?v=1762437665","subtitle_size":16,"subtitle_size_mobile":14,"text_size":50,"text_size_mobile":24,"subtitle_bold":false,"text_bold":false,"background_color":"linear-gradient(180deg, rgba(255, 255, 255, 1), rgba(255, 255, 255, 1) 100%)","subtitle_color":"#1b1b1b","text_color":"#1b1b1b","text_animation_type":"none","top_spacing":20,"bottom_spacing":20,"top_spacing_mobile":20,"bottom_spacing_mobile":20,"remove_padding":false}},"blocks_HNhyLD":{"type":"_blocks","blocks":{"ai_gen_block_e51f5ef_NMG4XJ":{"type":"ai_gen_block_e51f5ef","settings":{"image":"shopify:\/\/shop_images\/UA-FAQioqUc5FfzpYNG.jpg","heading":"Ihr fragt, wir antworten:","description":"<p>Dies sind häufig gestellte Fragen und die Antworten dazu<\/p>","gap":40,"gap_mobile":20,"padding_vertical":40,"padding_horizontal":40,"padding_vertical_mobile":20,"padding_horizontal_mobile":20,"content_padding":20,"content_padding_mobile":0,"background_color":"#ffffff","heading_color":"#1b1b1b","text_color":"#1b1b1b","heading_size":32,"heading_size_mobile":24,"heading_spacing":20,"heading_spacing_mobile":15,"text_size":16,"text_size_mobile":14},"blocks":{}}},"block_order":["ai_gen_block_e51f5ef_NMG4XJ"],"name":"Image with text","settings":{}},"faq_yHTCGM":{"type":"faq","blocks":{"faq_q7y9jA":{"type":"faq","settings":{"question":"Was ist bei eigenen Fotos zu beachten? ","answer":"Achte darauf, dass die Datei Deines digitalen Foto möglichst groß ist und das es sich um eine .jpg oder .png Datei handelt. Unser Konfigurator hilft Dir dann dabei, Dein eigenes Foto automatisch freizustellen, sollte dies notwendig sein. \n<br>\n<br>Im Konfigurator legst Du dann fest, wie viele Farbebenen (sog. \"Layer\") Dein Foto erhalten soll. Die Auswahl geht von 1-Layer bis 4-Layer und und legt die grundlegene Optik Deines Motivs fest. Grundsätzlich gilt: je mehr Layer, desto fotorealistischer die Darstellung. Bei nur 1-2 Ebenen bleibt das Motiv recht abstrakt. Bitte beachte: Dein freigestelltes Foto im Konfigurator ist vorerst nur ein Platzhalter, der Dir bei der Gestaltung Deines Werkes helfen soll. Wenn Du ein eigenes Werk mit Deinem Foto fertig konfiguriert hast, erhältst Du vor dem Sprühen Deines Werkes eine  digitale Vorlage zur letzten Abstimmung. Passt alles, dann legen unsere Street-Artists los.    "}},"faq_haLiat":{"type":"faq","settings":{"question":"Was passiert nach der Gestaltung im Konfigurator? ","answer":"Ganz einfach: nun beginnt die Kreativarbeit! Unsere Street-Artists nehmen Dein konfiguriertes Werk und beginnen mit der Fertigung. Die digitale Vorlage wird finalisiert, Schablonen werden gefertigt, Trägermaterialien angepasst, Passermarken positioniert. Und vor allem wird viel gesprüht, getrocknet und wieder gesprüht. Wie ein Street-Art Unikat bei uns handgefertig wird, siehst Du HIER im Film. Durch diesen Prozess erhält Dein Werk seinen individuellen Street-Art Charakter. Natürlich wird Dein Unikat so nah wie möglich an dem im Konfigurator erstellten Werk sein. Der wahre Street-Art Charakter entsteht aber erst durch die indiviudelle Fertigung und das Finish unserer Street-Artists. Urban Artery fertigt ausschließlich handgefertige Unikate. Zum Thema \"Farben\" noch ein Hinweis: beachte, dass Dein Monitor vermutlich nicht farbverbindlich kalibriert ist. Solltest Du bezüglich der genauen Farbtöne unsicher sein, kannst Du gerne eine Farbkarte des von uns verwendeten Farbherstellers Montana bestellen. Und natürlich darfst Du uns bei Fragen jederzeit gerne kontaktieren! Schreib uns einfach unter kontakt@urban-artery.de oder nutze unser Kontaktformular.  "}},"faq_PgHtmn":{"type":"faq","settings":{"question":"Wie lange dauert die Fertigung? ","answer":"Je nach Verfügbarkeit des Künstlers und Komplexität des Werkes kann die Fertigung und Lieferung bis zu 6 Wochen in Anspruch nehmen. Es soll dann ja auch alles perfekt werden. "}},"faq_XHbmYM":{"type":"faq","settings":{"question":"Was passiert im Fertigungsprozess?","answer":"Nach Digitalentwurf und Auswahl des Künstlers geht es endlich zur Fertigung ins Atelier – denn hier entsteht Dein Streetart-Unikat. Im ersten Schritt werden die Schablonen für die in Deinem Werk integrierten Motive gefertigt. Jede Farbebene erhält eine eigene, zumeist sehr komplexe Schablone. Diese werden dann im Anschluss von Hand in der richtigen Reihenfolge auf den von Dir gewählten Untergrund gelegt, beschwert und mit der jeweiligen Farbe von Hand gesprayt. Zwischen den einzelnen Farbebenen geben wir Deinem Werk natürlich ausreichend Zeit für die Trocknung, sodass am Ende alle Ebenen aufeinander gesprüht das gewünschte Werk ergeben. "}},"faq_3bJw8y":{"type":"faq","settings":{"question":"Welche Trägermaterialen stehen zur Verfügung? ","answer":"Um Dir ein großes Maß an Individualisierungsmöglichkeiten zu bieten, kannst Du neben Motiven, Größe und Farbigkeiten auch ein spezielles Trägermaterial auswählen.  Hier kannst Du zwischen unterschiedlichen Papierarten, unterschiedlichen Leinwänden und besonderen Untergründen wie Lightbeton oder Holz wählen. Wir versuchen die Trägermaterialien immer wieder zu erweitern. Solltest Du hier besondere Wünsche haben, kontaktiere uns gerne. Wir versuchen es möglich zu machen. "}},"faq_ahfhzU":{"type":"faq","settings":{"question":"Kann ich mein Werk auch rahmen lassen?","answer":"Perfektioniert wird jedes Werk durch den richtigen Rahmen. Natürlich kannst Du dieses Thema selbst bei Deinem Rahmenbauer des Vertrauens in Angriff nehmen. Gerne übernehmen wir das aber auch für Dich. Ob Holzrahmen in verschiedenen Holzarzten oder Farben oder Schattenfuge für Leinwände und Lightbeton, wir haben einen kompetenten Partner, der Deinem Werk mit dem eigens angefertigten Rahmen die perfekte Bühne bietet. Bei Deiner Bestellung kannst Du uns einfach mitteilen, ob Du ein Angebot für eine Rahmung bekommen möchtest. Diese erstellen wir Dir dann individuell für Dich und Dein Werk.  "}},"faq_8HtABL":{"type":"faq","settings":{"question":"Dein Werk ist fertig. Was passiert jetzt? ","answer":"Nach Fertigstellung und ausreichender Trocknungsphase bringen wir Dein Werk auf den Weg zu Dir. Je nachdem, ob Du Dich für ein Werk auf Papier mit oder ohne Rahmung oder ein spezielles Trägermaterial entschieden hast und in welcher Größe wir Dein Werk fertigen durften, bringen wir eine Rolle oder ein gut gesichertes Paket mit einem Versandunternehmen oder einer speziellen Spedition auf den Weg zu Dir. Wir nutzen natürlich die beste und günstigste Option. Die genauen Kosten für den Versand Deines Street-Art Unikats siehst Du im Bestellprozess. Nach maximal 6 Wochen (mit Glück schon früher) hängt Dein persönliches Unikat dann schon an Deiner Wunschwand, um Dich von dort aus täglich zu erfreuen und nebenbei bewundernde Blicke Deiner Besucher auf sich zu ziehen. Denn genau diese Komposition hängt nur an Deiner Wand und erzählt Deine ganz eigene Geschichte. "}}},"block_order":["faq_q7y9jA","faq_haLiat","faq_PgHtmn","faq_XHbmYM","faq_3bJw8y","faq_ahfhzU","faq_8HtABL"],"name":"FAQ","settings":{"title":"Noch mehr Details zum Prozess:","title_size_desktop":24,"question_size_desktop":14,"answer_size_desktop":14,"title_size_mobile":20,"question_size_mobile":13,"answer_size_mobile":13,"background_color":"rgba(0,0,0,0)","title_color":"#000000","question_color":"#000000","answer_color":"#666666","border_color":"#e5e5e5","top_spacing":20,"bottom_spacing":20,"top_spacing_mobile":20,"bottom_spacing_mobile":20}}},"order":["background","clock","text_block_Kn6epD","blocks_HNhyLD","faq_yHTCGM"]}