{"sections":{"background":{"type":"default-background","settings":{"password_bg_style":"color","bg_color":"#ffffff","bg_color_mobile":"#ffffff","overlay_top_color":"#000000","overlay_top_opacity":0,"overlay_bottom_color":"#000000","overlay_bottom_opacity":0,"overlay_top_color_mobile":"#000000","overlay_top_opacity_mobile":0,"overlay_bottom_color_mobile":"#000000","overlay_bottom_opacity_mobile":0,"show_background_image_mobile":false}},"clock":{"type":"default-timezone","settings":{"index_date_color":"#000000","index_time_color":"#000000","background_color":"rgba(0,0,0,0)"}},"hero_Qm4P3e":{"type":"hero","disabled":true,"name":"Hero","settings":{"media_type":"video","video":"shopify:\/\/files\/videos\/Urban Artery_ Dein Street-Art Unikat für Dein Zuhause!.mp4","title":"","hero_height":"100vh","use_image_mobile":false,"single_image_mobile":true,"mobile_image_preference":"image_1","content_position":"bottom_left","title_weight":"400","title_color":"#ffffff","show_top_overlay":false,"show_bottom_overlay":true,"top_overlay_color":"#000000","bottom_overlay_color":"#1b1b1b","top_overlay_height":40,"bottom_overlay_height":20,"top_spacing":0,"bottom_spacing":20,"top_spacing_mobile":0,"bottom_spacing_mobile":16}},"text":{"type":"text-block","settings":{"subtitle":"Über Uns","text":"Darum gibt es Urban Artery:  \n<br>\n<br>\nWir leben in einer Zeit, in der die Regel ist, dass jeder früher oder später haben kann, was er begehrt. Im Bereich der bildenden Kunst ist das schon etwas anders. \n \nEs gibt zahlreiche Künstler, bei denen die erste Frage nicht die des Preises ist, sondern wer eines der begehrten Werke überhaupt kaufen darf. In der Urban-Art bzw. \nStreet-Art ist das nochmals zugespitzt. Hinzu kommt, dass der Weg zum passenden Kunstobjekt oft ein langwieriger ist.  \n<br>\n<br>\nNeben dem eigenen Geschmack machen auch Faktoren wie der dafür vorgesehene Platz, die optische Stimmigkeit im Kontext und natürlich der Wunsch nach Individualität die Suche schwierig: das Kunst-Objekt soll natürlich perfekt in die Räume und zur eigenen Person passen. \n<br>\n<br>","subtitle_alignment":"left","text_alignment":"left","subtitle_font":"inconsolata_n4","enable_custom_subtitle_font":false,"custom_subtitle_font_name":"","custom_subtitle_font":"","text_font":"inconsolata_n4","enable_custom_text_font":false,"custom_text_font_name":"","custom_text_font":"","subtitle_size":16,"subtitle_size_mobile":14,"text_size":32,"text_size_mobile":24,"subtitle_bold":false,"text_bold":false,"background_color":"linear-gradient(180deg, rgba(255, 255, 255, 1), rgba(255, 255, 255, 1) 100%)","subtitle_color":"#1b1b1b","text_color":"#1b1b1b","text_animation_type":"none","top_spacing":20,"bottom_spacing":20,"top_spacing_mobile":20,"bottom_spacing_mobile":20,"remove_padding":false}},"lookbook_list_9EUMWE":{"type":"lookbook-list","blocks":{"collection_R4ErJ7":{"type":"collection","settings":{"image":"shopify:\/\/shop_images\/Team_Urban_Artery_DannieReneHeiko.png","title":"Wir sind die Gründer von Urban Artery","description":"Daniela Willers (rechts)<br><br>\n„Neben meinem Job im Medienbereich begleitet mich das Interesse an Kunst – im Speziellen Urban Art\/Street Art – seit jeher und zeigt sich sowohl im Theoretischen als auch in der Praxis: nämlich selbst an der Sprühdose.<br><br>\nNach der Geburt meiner Kinder nutzte ich die berufliche Auszeit, mich immer mehr der Kunst zu widmen und merkte schnell, dass die Nachfrage nach kundenindividueller Kunst sehr groß ist.<br><br>\nWir möchten heute Kunst, die uns als Individuen gerecht wird und – wie wir selbst auch – etwas zu erzählen hat statt nur hübsch auszusehen!\"<br><br>\n\nRene S. Spiegelberger (links)<br><br>\n„Eine Künstlerbegegnung hat mich in der Kindheit besonders geprägt: Keith Haring bemalte mir einst eine Swatch-Uhr.<br><br>\nAls Teenager wurde er dann einer meiner Helden und führte mich zur Kunst.<br><br>\nSpäter habe ich immer wieder von Blek le Rat gelesen und auch Harald Naeglis Aktivitäten beobachtet. Das hat mich fasziniert, und als ich Anfang der 00er Jahre erstmals von Banksy hörte, bin ich seinen Spuren durch Hamburg, London oder Berlin gefolgt.<br><br>\nAuch Faile und Obey oder XOOOOX wurden zu der Zeit bekannt und beeindruckten mich mit ihren Werken.<br><br>\nMit Urban Artery kann nun jeder auch ohne zugige Ecken und absolutes Insider-Wissen in den Genuss dieser Kunst kommen – und das ganz legal.<br><br>\nWer will, kann sogar eigene Impulse oder Ideen einbringen. Das finde ich nur zeitgemäß!\"<br><br>\n\nHeiko Willers (Mitte)<br><br>\n„Am Anfang war es nur eine wilde Idee: Wie bekommt man echte Street Art, eigene Unikate in das Wohnzimmer?<br><br>\nAls dann so viele Künstler sofort dabei sein wollten, wurde es konkreter.<br><br>\nDie ersten Bilder wurden produziert und wir bekamen tolles Feedback unserer Kunden.<br><br>\nHeute ist Urban Artery die erste Plattform für echte, individuelle Street Art Unikate.<br><br>\nUnd in unserem Wohnzimmer hängt mein neues Lieblingswerk!“","link":""}},"collection_V7fx3x":{"type":"collection","settings":{"image":"shopify:\/\/shop_images\/NEU_Kunstler_mitmachen.jpg","title":"Die Street Art Szene & unsere Intention","description":"Die allermeisten Künstler dieses Genres arbeiten im Verborgenen.<br><br>\nIhre Künstlernamen sind Pseudonyme und es ist nur wenigen Eingeweihten bekannt, wer sich hinter den Phantomen verbirgt.<br><br>\nMit Urban Artery könnt ihr am wohl coolsten Kunsttrend seit Andy Warhols Factory teilhaben und euch, eure Kids, euer Auto oder ein anderes Objekt eurer Wahl als Stencil verewigen lassen.<br><br>\nWir haben Urban Artery gegründet, damit es mit Street-Art in der Kunst wieder zugeht, wie es schon bei Dürer, Munch, Picasso oder eben Warhol war: Wer Freude an Kunst hat und sich etwas Einzigartiges und Individuelles gönnen will, lässt sich oder seine Lieben porträtieren – mit den Mitteln und in der Kunst seiner Zeit.<br><br>\nZweifelsohne tickt Urban Artery damit im Takt einer Subkultur, die der neue Trendsetter geworden ist.<br><br>\nWerber und Designer, aber auch der Kunstmarkt haben die Street-Art bereits für sich entdeckt.<br><br>\nAber gibt es einen Grund, dass all diejenigen, deren urbaner Lifestyle sich ebenfalls am besten in dieser Kunstform ausdrückt, der Zugang zu ihr verschlossen bleiben soll?<br><br>\nWir meinen nein.<br><br>\nDeshalb kooperieren wir mit Szenekünstlern und machen euch zu ihren künstlerischen Komplizen: eure Motive bestimmen künftig ihr Werk und zieren euer Heim!","link":""}}},"block_order":["collection_R4ErJ7","collection_V7fx3x"],"name":"Collection List","settings":{"title":"","mobile_item_limit":"2","section_title_size_desktop":20,"section_title_size_mobile":14,"lookbook_title_size_desktop":24,"lookbook_title_size_mobile":12,"description_size_desktop":14,"description_size_mobile":12,"section_title_weight":false,"title_weight":false,"background_color":"#ffffff","section_title_color":"#000000","title_color":"#000000","description_color":"#655555","image_border_radius":0,"top_spacing":20,"bottom_spacing":20,"top_spacing_mobile":16,"bottom_spacing_mobile":16,"header_grid_spacing":32,"gap":32,"gap_mobile":16}},"dynamic_background":{"type":"dynamic-background","settings":{"marquee_text":"Wir lieben Street-Art!","show_marquee":true,"marquee_text_size":44,"marquee_text_size_mobile":120,"marquee_text_color":"#ff0087","marquee_speed":11,"password_bg_style":"color","bg_color":"#ffffff","bg_color_mobile":"#ffffff","section_height":"50vh","overlay_top_color":"#000000","overlay_top_opacity":0,"overlay_bottom_color":"#000000","overlay_bottom_opacity":0,"overlay_top_color_mobile":"#000000","overlay_top_opacity_mobile":0,"overlay_bottom_color_mobile":"#000000","overlay_bottom_opacity_mobile":0,"top_spacing":0,"bottom_spacing":0,"top_spacing_mobile":0,"bottom_spacing_mobile":0,"show_background_image_mobile":false}}},"order":["background","clock","hero_Qm4P3e","text","lookbook_list_9EUMWE","dynamic_background"]}