{"sections":{"background":{"type":"password-countdown-background","settings":{"password_bg_style":"image","bg_slide_1":"shopify:\/\/shop_images\/tonitool_modern_industrial_loft_interior_single_framed_Banksy_5c82a246-591c-40c7-b8cd-884e40069b80_0.png","password_bg_color":"#ffffff","password_bg_overlay_color":"#000000","password_bg_overlay_opacity":0}},"header":{"type":"password-countdown-header","settings":{"store_owner_txt":"Store Owner?","pass_form_txt":"ENTER STORE PASSWORD","show_store_ownwer_txt":true,"bold_store_ownwer_txt":true,"enable_owner_highlight_txt":true,"store_owner_txt_color":"#ffffff","store_owner_highlight_color":"#ff0087","store_owner_highlight_txt_color":"#ffffff","pass_form_bg_color":"#ffffff","pass_form_txt_color":"#000000","pass_form_cancel_color":"#ffffff","pass_form_submit_btn_color":"#ff0087","pass_form_submit_btn_txt_color":"#ffffff","pass_input_form_color":"#efefef","pass_form_input_txt_color":"#1b1b1b","pass_form_opacity":1}},"countdown-timer":{"type":"password-countdown-sms-section","disabled":true,"settings":{"countdown_month":"Dec","countdown_day":1,"countdown_year":2030,"countdown_hour":9,"countdown_min":0,"countdown_ampm":"pm","center_timer":false,"timer_margin_top":20,"timer_margin_bottom":20,"countdown_font_size":38,"countdown_units_font_size":14,"show_countdown_metrics":true,"enable_countdown_glow":false,"show_countdown_boxes":false,"enable_box_radius":true,"countdown_box_opacity":0.5,"countdown_box_color":"#000000","days_value_color":"#232323","hours_value_color":"#232323","minutes_value_color":"#232323","seconds_value_color":"#232323","days_color":"#232323","hours_color":"#232323","minutes_color":"#232323","seconds_color":"#232323","disable_countdown_animation":true,"entrance_screen_txt":"ENTER","entrance_screen_bg_color":"#000000","entrance_screen_txt_color":"#ffffff","enable_entrance_text_glow":true}}},"order":["background","header","countdown-timer"]}