{"sections":{"header":{"type":"product-logo-section","settings":{"cart_text_color":"#000000","cart_number_color":"#ffffff","cart_number_bg_color":"#000000","show_date_time":true,"index_date_color":"#000000","index_time_color":"#000000","align_date_time":"right"}},"background":{"type":"default-background","settings":{"password_bg_style":"color","bg_color":"#ffffff","bg_color_mobile":"#ffffff","overlay_top_color":"#000000","overlay_top_opacity":0,"overlay_bottom_color":"#000000","overlay_bottom_opacity":0,"overlay_top_color_mobile":"#000000","overlay_top_opacity_mobile":0,"overlay_bottom_color_mobile":"#000000","overlay_bottom_opacity_mobile":0,"show_background_image_mobile":false}},"176238212190edc67e":{"type":"apps","settings":{}},"product_section_4_RKpHtX":{"type":"product-section-4","blocks":{"sale_badge_zjWxNh":{"type":"sale_badge","settings":{"sale_text":"SALE","font_size_desktop":12,"font_size_mobile":10,"font_weight":"700","background_color":"linear-gradient(#D20404, #D20404)","text_color":"#FFFFFF","border_radius":0,"margin_bottom":16,"margin_bottom_mobile":12}},"product_header_9jGTd4":{"type":"product_header","settings":{"title_size_desktop":24,"title_size_mobile":20,"title_weight":"700","line_height":1.2,"title_color":"#1B1B1B","margin_bottom":16,"margin_bottom_mobile":12}},"product_price_caLYk3":{"type":"product_price","settings":{"currency_format":"without_currency","price_size_desktop":16,"price_size_mobile":14,"price_weight":"700","price_color":"#1B1B1B","compare_at_price_color":"#767676","sale_price_color":"#D20404","margin_bottom":16,"margin_bottom_mobile":12}},"product_description_DXEwQm":{"type":"product_description","settings":{"font_size_desktop":14,"font_weight":"400","text_color":"#1B1B1B","margin_bottom":16,"margin_bottom_mobile":12,"line_height":1.4,"disable_scroll":true,"scroll_line_divider_color":"#BABABA","content_height":250}},"product_variants_YX9YhH":{"type":"product_variants","settings":{"variant_style":"buttons","color_swatch_size":30,"hide_option_names":false,"option_name_size":14,"option_name_weight":"700","variant_text_size":13,"variant_text_weight":"400","option_name_color":"#1B1B1B","variant_text_color":"#1B1B1B","variant_background":"linear-gradient(#FFFFFF, #FFFFFF)","variant_border_color":"#DDDDDD","variant_selected_border":"#000000","variant_border_radius":false,"swatch_border_radius":false,"variant_padding_vertical":8,"variant_padding_horizontal":16,"variant_gap":8,"option_spacing":5,"margin_bottom":16,"margin_bottom_mobile":12}},"product_buttons_HwY8fE":{"type":"product_buttons","settings":{"hide_keep_shopping":false,"add_to_cart_text":"Add to Cart","sold_out_text":"Sold Out","keep_shopping_text":"Keep Shopping","button_font_size":14,"button_font_weight":"400","add_to_cart_bg":"linear-gradient(#000000, #000000)","add_to_cart_text_color":"#FFFFFF","keep_shopping_bg":"linear-gradient(#000000, #000000)","keep_shopping_text_color":"#FFFFFF","out_of_stock_bg":"linear-gradient(#FE0000, #FE0000)","out_of_stock_text_color":"#FFFFFF","border_radius":0,"button_height":40,"button_spacing":10,"margin_bottom":16,"margin_bottom_mobile":12}},"additional_info_ixJjC9":{"type":"additional_info","settings":{"info_title":"Additional Information","content":"","page":"","icon":"check_mark","font_size_desktop":12,"font_size_mobile":12,"font_weight":"400","text_color":"#1B1B1B","margin_bottom":16,"margin_bottom_mobile":12,"remove_underline":true}}},"block_order":["sale_badge_zjWxNh","product_header_9jGTd4","product_price_caLYk3","product_description_DXEwQm","product_variants_YX9YhH","product_buttons_HwY8fE","additional_info_ixJjC9"],"name":"Product Section [Showcase]","settings":{"layout_configuration":"gallery_center_variants_right","mobile_product_info_alignment":"left","move_description_and_additional_info_under_buttons":false,"mobile_scroll_track_color":"linear-gradient(180deg, rgba(238, 238, 238, 1), rgba(238, 238, 238, 1) 100%)","mobile_scroll_indicator_color":"linear-gradient(180deg, rgba(0, 0, 0, 1), rgba(0, 0, 0, 1) 100%)","mobile_zoom_button_hide":false,"mobile_zoom_button_color":"#000000","additional_information_popup_background_color":"linear-gradient(180deg, rgba(255, 255, 255, 1), rgba(255, 255, 255, 1) 100%)","additional_information_popup_text_color":"#000000","additional_information_popup_x_button_color":"#000000","additional_information_popup_radius":0}},"product_section_2_fy6DE3":{"type":"product-section-2","blocks":{"on_sale_label_CMgYhH":{"type":"on_sale_label","settings":{"on_sale_bg_color":"#000000","on_sale_text_color":"#ffffff","on_sale_label_margin":5}},"product_header_gxw66M":{"type":"product_header","settings":{"product_title":"#000000","product_header_margin":5}},"product_price_UCMPPJ":{"type":"product_price","settings":{"product_price":"#000000","price_font_size":14,"currency_format":"without_currency","product_was_text":"#000000","product_before_price":"#ff0000","sales_price_font_size":16,"price_margin":0}},"product_description_yrqXqf":{"type":"product_description","settings":{"word_limit":120,"product_description":"#000000","description_margin":20}},"product_gallery_cQWiCU":{"type":"product_gallery","settings":{}},"product_variations_3geJFc":{"type":"product_variations","settings":{"show_next_product_button":true,"add_to_cart_bg":"#000000","add_to_cart_text":"#ffffff","keep_shopping_bg":"#ff0087","keep_shopping_text":"#ffffff","next_item_text_color":"#000000","next_item_highlight_color":"#ff0087","next_item_highlight_txt_color":"#ffffff","out_of_stock_bg":"#fe0100","out_of_stock_text":"#ffffff","variants_button_radius":0,"variation_margin":5}}},"block_order":["on_sale_label_CMgYhH","product_header_gxw66M","product_price_UCMPPJ","product_description_yrqXqf","product_gallery_cQWiCU","product_variations_3geJFc"],"disabled":true,"name":"Product Section [Thumbnails]","settings":{"switch_productinfo_image":false,"place_additional_photos_under_main":false,"reverse_additional_photos_and_main":false,"product_info_alignment":"left","fade_duration":2,"gallery_column_amount":3,"gallery_desktop_image_size":60,"gallery_mobile_image_size":40,"gallery_margin":5}},"related_products":{"type":"related-products","settings":{"title":"Related Products","products_limit":7,"product_text_alignment":"center","show_product_titles":true,"show_product_prices":true,"show_compare_price":true,"show_preorder_badge":true,"show_sold_out_badge":true,"show_sale_badge":true,"products_per_row":4,"products_per_row_mobile":2,"title_size_desktop":16,"title_size_mobile":14,"product_title_size_desktop":14,"product_title_size_mobile":12,"product_price_size_desktop":14,"product_price_size_mobile":12,"title_weight":false,"product_title_weight":false,"background_color":"rgba(0,0,0,0)","title_color":"#000000","arrow_color":"#000000","product_title_color":"#000000","product_price_color":"#000000","sold_out_bg_color":"#000000","sold_out_text_color":"#ffffff","preorder_bg_color":"#000000","preorder_text_color":"#ffffff","sale_bg_color":"#ff0000","sale_text_color":"#ffffff","compare_price_color":"#ff0000","margin_top_desktop":20,"margin_bottom_desktop":20,"margin_top_mobile":16,"margin_bottom_mobile":16,"header_grid_spacing":32,"image_info_spacing":24,"price_spacing":8,"product_gap_desktop":16,"product_gap_mobile":16}},"text_block_BMGbXP":{"type":"text-block","name":"Text Block","settings":{"subtitle":"","text":"Schön, dass Du Dich in das Abenteuer der Gestaltung Deines eigenes Streetart-Werkes stürzt. Unser Konfigurator wird Dich bestmöglich dabei unterstützen. Und wenn es doch mal nicht so gut läuft, scheue bitte nicht uns zu kontaktieren, wir helfen Dir gerne!\n<br>\nWähle hier Deine Größe, Ausrichtung und das passende Trägermaterial. Diese Einstellungen kannst Du im Konfigurator natürlich auch wieder ändern. Und dann geht es los mit der Individualisierung Deines Street-Art-Unikats!\n<br>\n<br>\nEin paar Infos vorab: Neben der Auswahl eines Trägers (Leinwand, Papier, Beton etc.) und der perfekten Größe und des Formates, kannst Du Dich im Konfigurator aus unserem Pool an Elementen von Street-Art Designern  bedienen und diese beliebig kombinieren und einfärben. \n<br>\n<br>\nNatürlich kannst Du auch Dein eigenes Motiv hochladen. Da die Umwandlung in ein Stencil mit viel kreativer Schöpfungskraft einhergeht, kann dies hier leider noch nicht automatisiert erfolgen. Du arbeitest also zunächst mit Deinem Foto als Platzhalter und wir ersetzen es im nächsten Schritt durch Dein individuell gefertigtes Stencil und schicken es Dir noch einmal zur Ansicht\/Freigabe zu.\n<br>\n<br>\nAm Besten wählst Du hierfür ein Foto in möglichst hoher Auflösung (Info Auflösung) und bereits frei gestellt. Hierfür gibt es am Markt geeignete Tools, bzw. können viele Telefone diese Funktion schon mit einem simplen Klick. Ansonsten helfen wir auch gerne weiter.\n<br>\n<br>\nKleiner Tipp: Am Besten wirkt ein Stencil, wenn es nicht im \"Anschnitt\" angelegt wird, also das ganze Motiv sichtbar ist. Es sei denn Du möchtest mit einem Porträt arbeiten.\n<br>\n<br>Und jetzt viel Spaß beim Gestalten!","subtitle_alignment":"left","text_alignment":"left","subtitle_font":"inconsolata_n4","enable_custom_subtitle_font":false,"custom_subtitle_font_name":"","custom_subtitle_font":"","text_font":"inconsolata_n4","enable_custom_text_font":false,"custom_text_font_name":"","custom_text_font":"","subtitle_size":16,"subtitle_size_mobile":14,"text_size":20,"text_size_mobile":24,"subtitle_bold":false,"text_bold":false,"background_color":"linear-gradient(180deg, rgba(255, 255, 255, 1), rgba(255, 255, 255, 1) 100%)","subtitle_color":"#1b1b1b","text_color":"#1b1b1b","text_animation_type":"none","top_spacing":20,"bottom_spacing":20,"top_spacing_mobile":20,"bottom_spacing_mobile":20,"remove_padding":false}}},"order":["header","background","176238212190edc67e","product_section_4_RKpHtX","product_section_2_fy6DE3","related_products","text_block_BMGbXP"]}