{"current":{"announcement_text":"","enable_announcement_shadow":false,"enable_moving_announcement":false,"show_announcement_bar":false,"show_announcement_bar_on_collection":false,"show_announcement_bar_on_product":false,"show_date_time":false,"footer_email_header":"Kontaktiere uns","email_description":"Du hast Fragen oder brauchst Hilfe bei der Umsetzung Deiner Idee? Schreib unserem Team!","footer_email_placeholder":"EMAIL","privacy_text":"Durch das Ausfüllen und Absenden Ihrer Daten erklären Sie sich mit der Datenschutzrichtlinie einverstanden. Alle Daten werden vertraulich behandelt.","footer_email_button_txt":"Absenden","footer_copyright_text":"","show_copyright":false,"show_email_footer_signup":false,"footer_email_header_color":"#FFFFFF","footer_email_message_color":"#FFFFFF","footer_email_privacy_color":"#FFFFFF","footer_input_color":"#FFFFFF","footer_email_btn_color":"#ff0087","footer_links_title_color":"#FFFFFF","footer_text_color":"#FFFFFF","footer_text_color_highlighed_bg":"#ff0087","global_menu":"ber-urban-artery","global_nav_txt_color":"#3F3F3F","enter_screen_logo":"shopify:\/\/shop_images\/Urban_Artery_Logo_White.png","show_home_logo":true,"global_menu_logo":"shopify:\/\/shop_images\/Urban_Artery_Logo.png","shop_screen_logo":"shopify:\/\/shop_images\/Urban_Artery_Logo.png","collection_screen_logo":"shopify:\/\/shop_images\/Urban_Artery_Logo.png","product_screen_logo":"shopify:\/\/shop_images\/Urban_Artery_Logo.png","password_screen_logo":"shopify:\/\/shop_images\/Urban_Artery_Logo_White.png","show_music":false,"sound_bar_color":"linear-gradient(180deg, rgba(0, 0, 0, 1), rgba(0, 0, 0, 1) 100%)","favicon":"shopify:\/\/shop_images\/Urban_Artery_Logo_White.png","nav_font":"inconsolata_n4","enable_custom_nav_font":true,"custom_nav_font_name":"allerta stencil","custom_nav_font":"https:\/\/cdn.shopify.com\/s\/files\/1\/0607\/9781\/2964\/files\/AllertaStencil-Regular.ttf?v=1762437665","font_header":"inconsolata_n4","enable_custom_font_header":true,"custom_font_header_name":"allerta stencil","custom_font_header":"https:\/\/cdn.shopify.com\/s\/files\/1\/0607\/9781\/2964\/files\/AllertaStencil-Regular.ttf?v=1762437665","enable_custom_body_font":false,"custom_body_font_name":"Allerta Stencil","custom_body_font":"https:\/\/cdn.shopify.com\/s\/files\/1\/0607\/9781\/2964\/files\/AllertaStencil-Regular.ttf?v=1762437665","enable_custom_marquee_font":true,"custom_marquee_font_name":"Allerta Stencil","custom_marquee_font":"https:\/\/cdn.shopify.com\/s\/files\/1\/0607\/9781\/2964\/files\/AllertaStencil-Regular.ttf?v=1762437665","sections":{"global-menu":{"type":"global-menu","settings":{}},"cart-drawer":{"type":"cart-drawer","settings":{}},"announcement-bar":{"type":"announcement-bar","settings":{}},"music-player":{"type":"music-player","settings":{}},"theme-footer":{"type":"theme-footer","blocks":{"link_list_izjtCe":{"type":"link_list","settings":{"heading":"Hilfe","menu":"hilfe-men"}},"link_list_4RDCwi":{"type":"link_list","settings":{"heading":"Urban Artery","menu":"ber-urban-artery"}},"link_list_H6MmFh":{"type":"link_list","settings":{"heading":"Rechtliches","menu":"rechtliches"}}},"block_order":["link_list_izjtCe","link_list_4RDCwi","link_list_H6MmFh"],"custom_css":[".other-footer {background: url(https:\/\/cdn.shopify.com\/s\/files\/1\/0607\/9781\/2964\/files\/img_footer_bg.jpg?v=1647860932) center\/cover no-repeat !important;}"],"settings":{"footer_success_message":"Thank you for subscribing!"}}},"content_for_index":[]}}