[
  {
    "name": "theme_info",
    "theme_name": "Plain Jane",
    "theme_author": "OPENSPACES",
    "theme_version": "3.1.0",
    "theme_documentation_url": "https:\/\/openspaces.design",
    "theme_support_email": "info@openspaces.design"
  },
  {
    "name": "Animations",
    "settings": [
      {
        "type": "header",
        "content": "Page Transitions"
      },
      {
        "type": "select",
        "id": "page_transition_type",
        "label": "Page Transition Animation",
        "options": [
          {
            "value": "none",
            "label": "None"
          },
          {
            "value": "fade_in",
            "label": "Fade In"
          }
        ],
        "default": "fade_in",
        "info": "Animation that displays when the page first loads"
      },
      {
        "type": "range",
        "id": "page_transition_duration",
        "min": 0.5,
        "max": 2.0,
        "step": 0.1,
        "unit": "s",
        "label": "Transition Duration",
        "default": 1.0,
        "info": "Duration of the transition animation in seconds"
      }
    ]
  },
  {
    "name": "Announcement Bar",
    "settings": [
      {
        "type": "header",
        "content": "Message"
      },
      {
        "type": "text",
        "id": "announcement_text",
        "label": "Announcement Text",
        "default": "Insert Announcement Text Here. Change me or turn me off in theme settings."
      },
      {
        "type": "range",
        "id": "announcement_text_size",
        "label": "Text Font Size",
        "min": 8,
        "max": 24,
        "unit": "px",
        "step": 1,
        "default": 14
      },
      {
        "type": "header",
        "content": "Home Page"
      },
      {
        "type": "color",
        "id": "announcement_background_color_home_page",
        "label": "Background",
        "default": "#FFFFFF"
      },
      {
        "type": "color",
        "id": "announement-text-color-home-page",
        "label": "Text",
        "default": "#1B1B1B"
      },
      {
        "type": "header",
        "content": "Collection Page"
      },
      {
        "type": "color",
        "id": "announcement_background_color_collection_page",
        "label": "Background",
        "default": "#FFFFFF"
      },
      {
        "type": "color",
        "id": "announement-text-color-collection-page",
        "label": "Text",
        "default": "#1B1B1B"
      },
      {
        "type": "header",
        "content": "Product Page"
      },
      {
        "type": "color",
        "id": "announcement_background_color_product_page",
        "label": "Background",
        "default": "#FFFFFF"
      },
      {
        "type": "color",
        "id": "announement-text-color-product-page",
        "label": "Text",
        "default": "#1B1B1B"
      },
      {
        "type": "header",
        "content": "Default (Pages)"
      },
      {
        "type": "color",
        "id": "announcement_background_color",
        "label": "Background",
        "default": "#FFFFFF"
      },
      {
        "type": "color",
        "id": "announement-text-color",
        "label": "Text",
        "default": "#1B1B1B"
      },
      {
        "type": "checkbox",
        "id": "enable_announcement_shadow",
        "label": "Enable Shadow",
        "default": true
      },
      {
        "type": "checkbox",
        "id": "enable_moving_announcement",
        "label": "Enable Scrolling Text",
        "default": true
      },
      {
        "type": "checkbox",
        "id": "enable_announcement_floater",
        "label": "Float Announcement Bar",
        "default": false
      },
      {
        "type": "checkbox",
        "id": "enable_announcement_floater_radius",
        "label": "Curve Announcement Bar Corners",
        "default": false
      },
      {
        "type": "checkbox",
        "id": "enable_large_announcement_bar",
        "label": "Enable Larger Announcement Bar",
        "default": false
      },
      {
        "type": "checkbox",
        "id": "show_announcement_bar",
        "label": "Show Announcement Bar",
        "default": true
      },
      {
        "type": "checkbox",
        "id": "show_announcement_bar_on_home",
        "label": "Show Announcement Bar On Home Page",
        "default": false
      },
      {
        "type": "checkbox",
        "id": "show_announcement_bar_on_collection",
        "label": "Show Announcement Bar On Collection Page",
        "default": true
      },
      {
        "type": "checkbox",
        "id": "show_announcement_bar_on_product",
        "label": "Show Announcement Bar On Product Page",
        "default": true
      }
    ]
  },
  {
    "name": "Cart Drawer",
    "settings": [
      {
        "type": "checkbox",
        "id": "cart_drawer_enabled",
        "label": "Enable Cart Drawer",
        "default": true
      },
      {
        "type": "header",
        "content": "Cart Drawer Settings"
      },
      {
        "type": "color",
        "id": "cart_drawer_background",
        "label": "Background Color",
        "default": "#ffffff"
      },
      {
        "type": "color",
        "id": "cart_drawer_text_color",
        "label": "Text Color",
        "default": "#000000"
      },
      {
        "type": "color",
        "id": "cart_drawer_button_color",
        "label": "Button Color",
        "default": "#000000"
      },
      {
        "type": "color",
        "id": "cart_drawer_button_text_color",
        "label": "Button Text Color",
        "default": "#ffffff"
      },
      {
        "type": "range",
        "id": "cart_drawer_width",
        "min": 300,
        "max": 320,
        "step": 1,
        "unit": "px",
        "label": "Drawer Width",
        "default": 320
      },
      {
        "type": "checkbox",
        "id": "show_fomo_timer",
        "label": "Show FOMO Timer",
        "default": true
      },
      {
        "type": "color",
        "id": "fomo_timer_background",
        "label": "FOMO Timer Background Color",
        "default": "#ffeb3b"
      },
      {
        "type": "color",
        "id": "fomo_timer_text_color",
        "label": "FOMO Timer Text Color",
        "default": "#333333"
      },
      {
        "type": "text",
        "id": "fomo_timer_text",
        "label": "FOMO Timer Text",
        "default": "Offer expires in:"
      },
      {
        "type": "range",
        "id": "fomo_timer_duration",
        "min": 1,
        "max": 72,
        "step": 1,
        "unit": "hr",
        "label": "FOMO Timer Duration",
        "default": 24
      },
      {
        "type": "checkbox",
        "id": "show_price_with_currency",
        "label": "Show Price with Currency",
        "default": false
      },
      {
        "type": "header",
        "content": "Cart Items Background"
      },
      {
        "type": "image_picker",
        "id": "cart_items_background_image",
        "label": "Background Image"
      },
      {
        "type": "select",
        "id": "cart_items_background_size",
        "label": "Background Size",
        "options": [
          {
            "value": "cover",
            "label": "Cover"
          },
          {
            "value": "contain",
            "label": "Contain"
          },
          {
            "value": "auto",
            "label": "Auto"
          }
        ],
        "default": "cover"
      },
      {
        "type": "select",
        "id": "cart_items_background_position",
        "label": "Background Position",
        "options": [
          {
            "value": "center center",
            "label": "Center"
          },
          {
            "value": "top left",
            "label": "Top Left"
          },
          {
            "value": "top right",
            "label": "Top Right"
          },
          {
            "value": "bottom left",
            "label": "Bottom Left"
          },
          {
            "value": "bottom right",
            "label": "Bottom Right"
          }
        ],
        "default": "center center"
      }
    ]
  },
  {
    "name": "Clock Settings",
    "settings": [
      {
        "type": "select",
        "id": "timezone",
        "label": "Pick A Timezone",
        "options": [
          {
            "value": "America\/New_York",
            "label": "America\/New_York"
          },
          {
            "value": "America\/Los_Angeles",
            "label": "America\/Los_Angeles"
          },
          {
            "value": "America\/Phoenix",
            "label": "America\/Phoenix"
          },
          {
            "value": "America\/Boise",
            "label": "America\/Boise"
          },
          {
            "value": "America\/Denver",
            "label": "America\/Denver"
          },
          {
            "value": "America\/Detroit",
            "label": "America\/Detroit"
          },
          {
            "value": "America\/Chicago",
            "label": "America\/Chicago"
          },
          {
            "value": " Pacific\/Midway",
            "label": " Pacific\/Midway"
          },
          {
            "value": "America\/Adak",
            "label": "America\/Adak"
          },
          {
            "value": "America\/Anchorage",
            "label": "America\/Anchorage"
          },
          {
            "value": "Pacific\/Gambier",
            "label": "Pacific\/Gambier"
          },
          {
            "value": "America\/Dawson_Creek",
            "label": "America\/Dawson_Creek"
          },
          {
            "value": "America\/Ensenada",
            "label": "America\/Ensenada"
          },
          {
            "value": " America\/Chihuahua",
            "label": " America\/Chihuahua"
          },
          {
            "value": "America\/Belize",
            "label": " America\/Belize"
          },
          {
            "value": "America\/Cancun",
            "label": "America\/Cancun"
          },
          {
            "value": "Chile\/EasterIsland",
            "label": "Chile\/EasterIsland"
          },
          {
            "value": "America\/Bogota",
            "label": "America\/Bogota"
          },
          {
            "value": " America\/Caracas",
            "label": " America\/Caracas"
          },
          {
            "value": "America\/Campo_Grande",
            "label": "America\/Campo_Grande"
          },
          {
            "value": "America\/Glace_Bay",
            "label": "America\/Glace_Bay"
          },
          {
            "value": " America\/Goose_Bay",
            "label": " America\/Goose_Bay"
          },
          {
            "value": " America\/Santiago",
            "label": " America\/Santiago"
          },
          {
            "value": "America\/La_Paz",
            "label": "America\/La_Paz"
          },
          {
            "value": "America\/Argentina\/Buenos_Aires",
            "label": "America\/Argentina\/Buenos_Aires"
          },
          {
            "value": "America\/Montevideo",
            "label": "America\/Montevideo"
          },
          {
            "value": "America\/Araguaina",
            "label": "America\/Araguaina"
          },
          {
            "value": "America\/Godthab",
            "label": "America\/Godthab"
          },
          {
            "value": "America\/Miquelon",
            "label": "America\/Miquelon"
          },
          {
            "value": "America\/Sao_Paulo",
            "label": "America\/Sao_Paulo"
          },
          {
            "value": "America\/St_Johns",
            "label": "America\/St_Johns"
          },
          {
            "value": "Atlantic\/Cape_Verde",
            "label": "Atlantic\/Cape_Verde"
          },
          {
            "value": "Europe\/Belfast",
            "label": "Europe\/Belfast"
          },
          {
            "value": "Africa\/Abidjan",
            "label": "Africa\/Abidjan"
          },
          {
            "value": "Europe\/Dublin",
            "label": "Europe\/Dublin"
          },
          {
            "value": "Europe\/Lisbon",
            "label": "Europe\/Lisbon"
          },
          {
            "value": "Europe\/London",
            "label": "Europe\/London"
          },
          {
            "value": "Europe\/Warsaw",
            "label": "Europe\/Warsaw"
          },
          {
            "value": "Africa\/Windhoek",
            "label": "Africa\/Windhoek"
          },
          {
            "value": "Atlantic\/Azores",
            "label": "Atlantic\/Azores"
          },
          {
            "value": "Atlantic\/Stanley",
            "label": "Atlantic\/Stanley"
          },
          {
            "value": "Europe\/Amsterdam",
            "label": "Europe\/Amsterdam"
          },
          {
            "value": "Europe\/Belgrade",
            "label": "Europe\/Belgrade"
          },
          {
            "value": "Europe\/Brussels",
            "label": "Europe\/Brussels"
          },
          {
            "value": "Africa\/Cairo",
            "label": "Africa\/Cairo"
          },
          {
            "value": "Africa\/Blantyre",
            "label": "Africa\/Blantyre"
          },
          {
            "value": "Asia\/Beirut",
            "label": "Asia\/Beirut"
          },
          {
            "value": "Asia\/Damascus",
            "label": "Asia\/Damascus"
          },
          {
            "value": "Asia\/Gaza",
            "label": "Asia\/Gaza"
          },
          {
            "value": "Asia\/Jerusalem",
            "label": "Asia\/Jerusalem"
          },
          {
            "value": "Africa\/Addis_Ababa",
            "label": "Africa\/Addis_Ababa"
          },
          {
            "value": "Europe\/Minsk",
            "label": "Europe\/Minsk"
          },
          {
            "value": "Asia\/Tehran",
            "label": "Asia\/Tehran"
          },
          {
            "value": "Asia\/Dubai",
            "label": "Asia\/Dubai"
          },
          {
            "value": "Asia\/Yerevan",
            "label": "Asia\/Yerevan"
          },
          {
            "value": "Europe\/Moscow",
            "label": "Europe\/Moscow"
          },
          {
            "value": "Asia\/Kabul",
            "label": "Asia\/Kabul"
          },
          {
            "value": "Asia\/Tashkent",
            "label": "Asia\/Tashkent"
          },
          {
            "value": "Asia\/Kolkata",
            "label": "Asia\/Kolkata"
          },
          {
            "value": "Asia\/Katmandu",
            "label": "Asia\/Katmandu"
          },
          {
            "value": "Asia\/Dhaka",
            "label": "Asia\/Dhaka"
          },
          {
            "value": "Asia\/Yekaterinburg",
            "label": "Asia\/Yekaterinburg"
          },
          {
            "value": "Asia\/Rangoon",
            "label": "Asia\/Rangoon"
          },
          {
            "value": "Asia\/Bangkok",
            "label": "Asia\/Bangkok"
          },
          {
            "value": "Asia\/Novosibirsk",
            "label": "Asia\/Novosibirsk"
          },
          {
            "value": "Asia\/Hong_Kong",
            "label": "Asia\/Hong_Kong"
          },
          {
            "value": "Asia\/Krasnoyarsk",
            "label": "Asia\/Krasnoyarsk"
          },
          {
            "value": "Australia\/Perth",
            "label": "Australia\/Perth"
          },
          {
            "value": "Australia\/Eucla",
            "label": "Australia\/Eucla"
          },
          {
            "value": "Asia\/Irkutsk",
            "label": "Asia\/Irkutsk"
          },
          {
            "value": "Asia\/Seoul",
            "label": "Asia\/Seoul"
          },
          {
            "value": "Asia\/Tokyo",
            "label": "Asia\/Tokyo"
          },
          {
            "value": "Australia\/Adelaide",
            "label": "Australia\/Adelaide"
          },
          {
            "value": "Australia\/Darwin",
            "label": "Australia\/Darwin"
          },
          {
            "value": "Pacific\/Marquesas",
            "label": "Pacific\/Marquesas"
          },
          {
            "value": "Australia\/Brisbane",
            "label": "Australia\/Brisbane"
          },
          {
            "value": "Australia\/Hobart",
            "label": "Australia\/Hobart"
          },
          {
            "value": "Asia\/Yakutsk",
            "label": "Asia\/Yakutsk"
          },
          {
            "value": "Australia\/Lord_Howe",
            "label": "Australia\/Lord_Howe"
          },
          {
            "value": "Asia\/Vladivostok",
            "label": "Asia\/Vladivostok"
          },
          {
            "value": "Pacific\/Norfolk",
            "label": "Pacific\/Norfolk"
          },
          {
            "value": "Asia\/Anadyr",
            "label": "Asia\/Anadyr"
          },
          {
            "value": "Asia\/Magadan",
            "label": "Asia\/Magadan"
          },
          {
            "value": "Pacific\/Auckland",
            "label": "Pacific\/Auckland"
          },
          {
            "value": "Pacific\/Chatham",
            "label": "Pacific\/Chatham"
          },
          {
            "value": "Pacific\/Tongatapu",
            "label": "Pacific\/Tongatapu"
          },
          {
            "value": "Pacific\/Kiritimati",
            "label": "Pacific\/Kiritimati"
          }
        ],
        "default": "America\/New_York"
      },
      {
        "type": "text",
        "id": "store_time_offset",
        "label": "Time Offset (in minutes)",
        "info": "Adjust time if needed. Positive for ahead, negative for behind.",
        "default": "0"
      }
    ]
  },
  {
    "name": "Collection Layout",
    "settings": [
      {
        "type": "select",
        "id": "desktop-layout",
        "label": "Desktop Columns",
        "options": [
          {
            "value": "1fr 1fr",
            "label": "Two"
          },
          {
            "value": "1fr 1fr 1fr",
            "label": "Three"
          },
          {
            "value": "1fr 1fr 1fr 1fr",
            "label": "Four"
          },
          {
            "value": "1fr 1fr 1fr 1fr 1fr",
            "label": "Five"
          },
          {
            "value": "1fr 1fr 1fr 1fr 1fr 1fr",
            "label": "Six"
          }
        ],
        "default": "1fr 1fr 1fr"
      },
      {
        "type": "select",
        "id": "mobile-layout",
        "label": "Mobile Columns",
        "options": [
          {
            "value": "1fr",
            "label": "One"
          },
          {
            "value": "1fr 1fr",
            "label": "Two"
          }
        ],
        "default": "1fr 1fr"
      },
      {
        "type": "range",
        "id": "column-gap-desktop",
        "label": "Column Gap (Desktop)",
        "min": 0,
        "max": 24,
        "unit": "px",
        "step": 1,
        "default": 16
      },
      {
        "type": "range",
        "id": "row-gap-desktop",
        "label": "Row Gap (Desktop)",
        "min": 0,
        "max": 24,
        "unit": "px",
        "step": 1,
        "default": 16
      },
      {
        "type": "range",
        "id": "row-gap-mobile",
        "label": "Row Gap (Mobile)",
        "min": 0,
        "max": 24,
        "unit": "px",
        "step": 1,
        "default": 16
      },
      {
        "type": "range",
        "id": "column-gap-mobile",
        "label": "Column Gap (Mobile)",
        "min": 0,
        "max": 24,
        "unit": "px",
        "step": 1,
        "default": 16
      },
      {
        "type": "range",
        "id": "product-size",
        "label": "Product Image Size",
        "min": 60,
        "max": 100,
        "unit": "%",
        "step": 1,
        "default": 100
      },
      {
        "type": "checkbox",
        "id": "enable_product_hover",
        "label": "Show 2nd Product Image on Hover",
        "default": true
      },
      {
        "type": "select",
        "id": "product_aspect_ratio",
        "label": "Product Image Aspect Ratio",
        "options": [
          {
            "value": "natural",
            "label": "Natural (Original Image Ratio)"
          },
          {
            "value": "1:1",
            "label": "Square (1:1)"
          },
          {
            "value": "4:3",
            "label": "Landscape (4:3)"
          },
          {
            "value": "3:4",
            "label": "Portrait (3:4)"
          },
          {
            "value": "16:9",
            "label": "Widescreen (16:9)"
          }
        ],
        "default": "natural",
        "info": "Forces all product images to maintain a consistent aspect ratio on collection pages"
      }
    ]
  },
  {
    "name": "Cursor Settings",
    "settings": [
      {
        "type": "image_picker",
        "id": "custom_cursor_img",
        "label": "Mouse Arrow Image"
      }
    ]
  },
  {
    "name": "Default Page Settings",
    "settings": [
      {
        "type": "checkbox",
        "id": "show_date_time",
        "label": "Show Date\/Time",
        "default": true
      }
    ]
  },
  {
    "name": "Home Page Settings",
    "settings": [
      {
        "type": "checkbox",
        "id": "hide_homepage",
        "label": "Skip Enter Screen",
        "default": false,
        "info": "When enabled, visitors will be redirected to your chosen URL instead of seeing the enter screen"
      },
      {
        "type": "url",
        "id": "homepage_redirect_url",
        "label": "Redirect URL",
        "info": "Choose where to send visitors when skipping the enter screen"
      }
    ]
  },
  {
    "name": "Footer Settings",
    "settings": [
      {
        "type": "header",
        "content": "Content & Data"
      },
      {
        "type": "text",
        "id": "footer_email_header",
        "label": "Footer Email Header",
        "default": "Join our newsletter below."
      },
      {
        "type": "text",
        "id": "email_description",
        "label": "Email Description Text",
        "default": "Lorem ipsum dolor sit amet consectetur. Semper molestie dictum facilisis velit pellentesque laoreet sed ut vel."
      },
      {
        "type": "text",
        "id": "footer_email_placeholder",
        "label": "Email Placeholder Text",
        "default": "EMAIL ADDRESS *"
      },
      {
        "type": "text",
        "id": "privacy_text",
        "label": "Privacy Policy Text",
        "default": "By completing and sending your data, you agree to the Privacy policy. All data will be kept confidential. (* are required fields)"
      },
      {
        "type": "text",
        "id": "footer_email_button_txt",
        "label": "Footer Submit Button Text",
        "default": "Subscribe"
      },
      {
        "type": "text",
        "id": "footer_copyright_text",
        "label": "Footer Copyright Text",
        "default": "@2023 PLAIN JANE"
      },
      {
        "type": "header",
        "content": "Layout & Display"
      },
      {
        "type": "checkbox",
        "id": "payment_enable",
        "label": "Show Payment Types",
        "default": true
      },
      {
        "type": "checkbox",
        "id": "hide_footer_on_all_pages",
        "label": "Hide Footer On All pages",
        "default": false
      },
      {
        "type": "checkbox",
        "id": "show_footer_on_home",
        "label": "Show Footer On Home Page",
        "default": true
      },
      {
        "type": "checkbox",
        "id": "show_footer_on_collection",
        "label": "Show Footer On Collection Pages",
        "default": true
      },
      {
        "type": "checkbox",
        "id": "show_copyright",
        "label": "Show Footer Footer Copyright",
        "default": true
      },
      {
        "type": "checkbox",
        "id": "show_email_footer_signup",
        "label": "Show Email Footer Signup",
        "default": true
      },
      {
        "type": "header",
        "content": "Typography"
      },
      {
        "type": "range",
        "id": "footer_header_text_size_desktop",
        "min": 6,
        "max": 21,
        "step": 1,
        "unit": "px",
        "label": "Footer Link Header Size (Desktop)",
        "default": 14
      },
      {
        "type": "range",
        "id": "footer_text_size",
        "min": 6,
        "max": 21,
        "step": 1,
        "unit": "px",
        "label": "Footer Link Size (Desktop\/Tablet)",
        "default": 14
      },
      {
        "type": "range",
        "id": "footer_text_size_mobile",
        "min": 6,
        "max": 15,
        "step": 1,
        "unit": "px",
        "label": "Footer Link Size (Mobile)",
        "default": 10
      },
      {
        "type": "range",
        "id": "footer_copyright_size",
        "min": 9,
        "max": 13,
        "step": 1,
        "unit": "px",
        "label": "Copyright Font Size",
        "default": 9
      },
      {
        "type": "header",
        "content": "Colors"
      },
      {
        "type": "color",
        "id": "footer_background_color",
        "label": "Background",
        "default": "#F9F9F9"
      },
      {
        "type": "color",
        "id": "footer_email_header_color",
        "label": "Email Header Color",
        "default": "#1B1B1B"
      },
      {
        "type": "color",
        "id": "footer_email_message_color",
        "label": "Email Description Color",
        "default": "#1B1B1B"
      },
      {
        "type": "color",
        "id": "footer_email_privacy_color",
        "label": "Privacy Text Color",
        "default": "#1B1B1B"
      },
      {
        "type": "color",
        "id": "footer_input_color",
        "label": "Email Input Line Color",
        "default": "#1B1B1B"
      },
      {
        "type": "color",
        "id": "footer_input_txt_color",
        "label": "Email Input Text Color",
        "default": "#FFFFFF"
      },
      {
        "type": "color",
        "id": "footer_input_placeholder_color",
        "label": "Email Placeholder Text",
        "default": "#9E9E9E"
      },
      {
        "type": "color",
        "id": "footer_email_btn_color",
        "label": "Submit Button",
        "default": "#FE0100"
      },
      {
        "type": "color",
        "id": "footer_email_btn_txt_color",
        "label": "Submit Text",
        "default": "#FFF"
      },
      {
        "type": "color",
        "id": "footer_links_title_color",
        "label": "Link Header Text",
        "default": "#1B1B1B"
      },
      {
        "type": "color",
        "id": "footer_text_color",
        "label": "Links",
        "default": "#FFF"
      },
      {
        "type": "color",
        "id": "footer_text_color_highlighed_bg",
        "label": "Link Hover Background",
        "default": "#FE0100"
      },
      {
        "type": "color",
        "id": "footer_text_color_highlighed",
        "label": "Link Hover Text",
        "default": "#FFF"
      },
      {
        "type": "color",
        "id": "footer_copyright_color",
        "label": "Copyright Text",
        "default": "#1B1B1B"
      }
    ]
  },
  {
    "name": "Global Menu Settings",
    "settings": [
      {
        "type": "link_list",
        "id": "global_menu",
        "label": "Choose a menu"
      },
      {
        "type": "header",
        "content": "Global Menu Icon"
      },
      {
        "type": "checkbox",
        "id": "global_menu_inverse_color",
        "label": "Auto-inverse Icon Color",
        "default": true,
        "info": "When enabled, the icon will automatically invert its color based on the background"
      },
      {
        "type": "color",
        "id": "global_menu_btn_color",
        "label": "Icon Color (when auto-inverse is disabled)",
        "default": "#fff"
      },
      {
        "type": "header",
        "content": "Global Menu Cart"
      },
      {
        "type": "checkbox",
        "id": "show_global_menu_cart",
        "label": "Show Global Menu Cart",
        "default": true
      },
      {
        "type": "color",
        "id": "global_cart_text_color",
        "label": "Cart Text Color",
        "default": "#000"
      },
      {
        "type": "color",
        "id": "global_cart_number_bg_color",
        "label": "Cart Number Background Color",
        "default": "#3F3F3F"
      },
      {
        "type": "color",
        "id": "global_cart_number_color",
        "label": "Cart Number Color",
        "default": "#fff"
      },
      {
        "type": "header",
        "content": "Global Menu Search Bar"
      },
      {
        "type": "checkbox",
        "id": "global_search_bar",
        "label": "Show Search Bar",
        "default": true
      },
      {
        "type": "checkbox",
        "id": "global_menu_search_radius",
        "label": "Round Corners",
        "default": false
      },
      {
        "type": "color",
        "id": "global_search_bg_color",
        "label": "Search Background Color",
        "default": "#3F3F3F"
      },
      {
        "type": "color",
        "id": "global_search_txt_color",
        "label": "Search Text Color",
        "default": "#fff"
      },
      {
        "type": "header",
        "content": "Global Menu BG Color"
      },
      {
        "type": "color",
        "id": "global_menu_bg_color",
        "label": "Background Color",
        "default": "#fff"
      },
      {
        "type": "header",
        "content": "Global Menu Link Colors"
      },
      {
        "type": "color",
        "id": "global_nav_txt_color",
        "label": "Top-Level Link Colors",
        "default": "#3F3F3F"
      },
      {
        "type": "color",
        "id": "global_child_link_color",
        "label": "Second-Level Link Colors",
        "default": "#3F3F3F"
      },
      {
        "type": "color",
        "id": "global_grandchild_link_color",
        "label": "Third-Level Link Colors",
        "default": "#3F3F3F"
      },
      {
        "type": "color",
        "id": "global_arrow_color",
        "label": "Arrow Dropdown Color",
        "default": "#000"
      },
      {
        "type": "color",
        "id": "global_line_divider_color",
        "label": "Line Divider Color",
        "default": "#3F3F3F"
      },
      {
        "type": "range",
        "id": "global_menu_font_size",
        "label": "Font Size",
        "min": 10,
        "max": 24,
        "step": 1,
        "default": 16
      },
      {
        "type": "header",
        "content": "Login"
      },
      {
        "type": "checkbox",
        "id": "hide_global_login_link",
        "label": "Hide Login Link",
        "default": false
      },
      {
        "type": "header",
        "content": "Misc"
      },
      {
        "type": "checkbox",
        "id": "hide_global_menu_on_collection_desktop",
        "label": "Hide Global Menu On Collection Page (Desktop)",
        "default": false
      }
    ]
  },
  {
    "name": "Logo",
    "settings": [
      
      {
        "type": "image_picker",
        "id": "enter_screen_logo",
        "label": "Home Page Logo",
        "info": "This will show on the home page"
      },
      {
        "type": "range",
        "id": "enter_screen_logo_size",
        "label": "Logo Size (px)",
        "min": 10,
        "max": 150,
        "step": 10,
        "default": 120
      },
      {
        "type": "checkbox",
        "id": "show_home_logo",
        "label": "Show Home Page Logo",
        "default": true
      },
      {
        "type": "image_picker",
        "id": "global_menu_logo",
        "label": "Global Menu Logo",
        "info": "This will show on the global menu"
      },
      {
        "type": "range",
        "id": "global_menu_logo_size",
        "label": "Logo Size (px)",
        "min": 10,
        "max": 150,
        "step": 10,
        "default": 100
      },
      {
        "type": "checkbox",
        "id": "show_global_menu_logo",
        "label": "Show Global Menu Logo",
        "default": true
      },
      {
        "type": "image_picker",
        "id": "shop_screen_logo",
        "label": "Default Logo",
        "info": "This is the default logo that shows on every other page (excluding home, product and collection pages)"
      },
      {
        "type": "range",
        "id": "shop_screen_logo_size",
        "label": "Logo Size (px)",
        "min": 65,
        "max": 165,
        "step": 1,
        "default": 115
      },
      {
        "type": "checkbox",
        "id": "show_default_logo",
        "label": "Show Default Page Logo",
        "default": true
      },
      {
        "type": "image_picker",
        "id": "collection_screen_logo",
        "label": "Collection Page Logo",
        "info": "This will show on the product page"
      },
      {
        "type": "range",
        "id": "collection_screen_logo_size",
        "label": "Logo Size (px)",
        "min": 65,
        "max": 165,
        "step": 1,
        "default": 115
      },
      {
        "type": "checkbox",
        "id": "show_collection_logo",
        "label": "Show Collection Page Logo",
        "default": true
      },
      {
        "type": "image_picker",
        "id": "product_screen_logo",
        "label": "Product Page Logo",
        "info": "This will show on the product page"
      },
      {
        "type": "range",
        "id": "product_screen_logo_size",
        "label": "Logo Size (px)",
        "min": 65,
        "max": 165,
        "step": 1,
        "default": 115
      },
      {
        "type": "checkbox",
        "id": "show_product_logo",
        "label": "Show Product Page Logo",
        "default": true
      },
      {
        "type": "image_picker",
        "id": "password_screen_logo",
        "label": "Password Page Logo",
        "info": "This will show on the password page"
      },
      {
        "type": "range",
        "id": "password_screen_logo_size",
        "label": "Logo Size (px)",
        "min": 65,
        "max": 165,
        "step": 1,
        "default": 115
      },
      {
        "type": "checkbox",
        "id": "show_password_logo",
        "label": "Show Password Page Logo",
        "default": true
      }
    ]
  },
  {
    "name": "Main Theme Color",
    "settings": [
      {
        "type": "color",
        "id": "theme_background_color",
        "label": "Background Color",
        "default": "#FFFFFF"
      }
    ]
  },
  {
    "name": "Misc. Settings",
    "settings": [
      {
        "type": "checkbox",
        "id": "disable_highlight_animation",
        "label": "Disable Highlight Animation",
        "default": false
      },
      {
        "type": "checkbox",
        "id": "enable_lazy_loading",
        "label": "Enable Lazy Loading In Theme",
        "info": "Recommended to keep enabled.",
        "default": true
      }
    ]
  },
  {
    "name": "Music Player",
    "settings": [
      {
        "type": "checkbox",
        "id": "show_music",
        "label": "Show Music Player",
        "default": false
      },
      {
        "type": "checkbox",
        "id": "show_music_mobile",
        "label": "Show Music Player On Mobile",
        "default": false
      },
      {
        "type": "image_picker",
        "id": "music_img",
        "label": "Disk Cover Image"
      },
      {
        "type": "checkbox",
        "id": "show_disk",
        "label": "Show Disk",
        "default": true
      },
      {
        "type": "color",
        "id": "music_btn_color",
        "label": "Music Player Button Color",
        "default": "#FE0000"
      },
      {
        "type": "header",
        "content": "Upload Music"
      },
      {
        "type": "paragraph",
        "content": "To upload music follow these steps:"
      },
      {
        "type": "paragraph",
        "content": "Go back to the Shopify Admin Panel > Click \"Content\" > Files > Upload A File(Make sure its .mp3) > Copy the link and paste below"
      },
      {
        "type": "text",
        "id": "music_url",
        "label": "Music URL"
      },
      {
        "type": "text",
        "id": "music_url_2",
        "label": "Music URL 2"
      },
      {
        "type": "text",
        "id": "music_url_3",
        "label": "Music URL 3"
      },
      {
        "type": "text",
        "id": "music_url_4",
        "label": "Music URL 4"
      },
      {
        "type": "text",
        "id": "music_url_5",
        "label": "Music URL 5"
      },
      {
        "type": "text",
        "id": "music_url_6",
        "label": "Music URL 6"
      },
      {
        "type": "text",
        "id": "track_name_1",
        "label": "Track Name 1",
        "default": "Track 1 - Example Artist  "
      },
      {
        "type": "text",
        "id": "track_name_2",
        "label": "Track Name 2",
        "default": "Track 2 - Example Artist"
      },
      {
        "type": "text",
        "id": "track_name_3",
        "label": "Track Name 3",
        "default": "Track 3 - Example Artist"
      },
      {
        "type": "text",
        "id": "track_name_4",
        "label": "Track Name 4",
        "default": "Track 4 - Example Artist"
      },
      {
        "type": "text",
        "id": "track_name_5",
        "label": "Track Name 5",
        "default": "Track 5 - Example Artist"
      },
      {
        "type": "text",
        "id": "track_name_6",
        "label": "Track Name 6",
        "default": "Track 6 - Example Artist"
      },
      {
        "type": "header",
        "content": "Song Bar"
      },
      {
        "type": "paragraph",
        "content": "When enabled, hovering over the play\/pause button or disc will display a floating bar showing the current song name"
      },
      {
        "type": "checkbox",
        "id": "show_song_bar",
        "label": "Enable Song Bar",
        "default": true
      },
      {
        "type": "checkbox",
        "id": "center_song_bar",
        "label": "Center Song Bar",
        "default": false
      },
      {
        "type": "checkbox",
        "id": "always_show_song_bar",
        "label": "Always Show Song Bar",
        "default": false
      },
      {
        "type": "color",
        "id": "song_bar_text_color",
        "label": "Song Bar Text Color",
        "default": "#FFFFFF"
      },
      {
        "type": "color_background",
        "id": "sound_bar_color",
        "label": "Sound Bar Color",
        "default": "linear-gradient(#000000, #000000)"
      },
      {
        "type": "range",
        "id": "song_bar_font_size",
        "label": "Song Bar Font Size",
        "min": 10,
        "max": 18,
        "step": 1,
        "default": 18
      },
      {
        "type": "header",
        "content": "Misc"
      },
      {
        "type": "text",
        "id": "countdown_music",
        "label": "Password Animation Unlock Music",
        "default": "[PLACE URL HERE]",
        "info": "This is the song your customers will hear once the countdown finishes. Password Enter Animation must be enabled in timer section settings to hear this."
      }
    ]
  },
  {
    "name": "Seo Settings",
    "settings": [
      {
        "type": "image_picker",
        "id": "favicon",
        "label": "Favicon Image",
        "info": "Will be scaled down to 32x32px"
      },
      {
        "type": "image_picker",
        "id": "apple_touch_icon",
        "label": "Apple touch icon image",
        "info": "Will be scaled down to 120x120px"
      },
      {
        "type": "checkbox",
        "id": "enable_product_rich_snippets",
        "label": "Enable Product Rich Snippets",
        "default": true
      },
      {
        "type": "checkbox",
        "id": "enable_article_rich_snippets",
        "label": "Enable Article Rich Snippets",
        "default": true
      }
    ]
  },
  {
    "name": "Typography",
    "settings": [
      {
        "type": "header",
        "content": "Center\/Side Menu Enter Page Fonts"
      },
      {
        "type": "paragraph",
        "content": "Sets font for Home Page Center and Side Menu"
      },
      {
        "type": "font_picker",
        "id": "nav_font",
        "label": "Default Center\/Side Menu Enter Page Fonts",
        "default": "inconsolata_n4"
      },
      {
        "type": "checkbox",
        "id": "enable_custom_nav_font",
        "label": "Enable Custom Font",
        "default": false
      },
      {
        "type": "text",
        "id": "custom_nav_font_name",
        "label": "Font Name"
      },
      {
        "type": "text",
        "id": "custom_nav_font",
        "label": "Custom Font URL"
      },
      {
        "type": "header",
        "content": "Countdown Fonts"
      },
      {
        "type": "paragraph",
        "content": "Sets font for countdown timer"
      },
      {
        "type": "font_picker",
        "id": "countdown_font",
        "label": "Default Countdown Metrics Font",
        "default": "inconsolata_n4"
      },
      {
        "type": "checkbox",
        "id": "enable_custom_countdown_font",
        "label": "Enable Custom Font",
        "default": false
      },
      {
        "type": "text",
        "id": "custom_countdown_font_name",
        "label": "Font Name"
      },
      {
        "type": "text",
        "id": "custom_countdown_font",
        "label": "Custom Font URL"
      },
      {
        "type": "header",
        "content": "Header Fonts"
      },
      {
        "type": "paragraph",
        "content": "Sets font for all headers\/titles throughout store"
      },
      {
        "type": "font_picker",
        "id": "font_header",
        "label": "Default Header Fonts",
        "default": "inconsolata_n4"
      },
      {
        "type": "checkbox",
        "id": "enable_custom_font_header",
        "label": "Enable Custom Font",
        "default": false
      },
      {
        "type": "text",
        "id": "custom_font_header_name",
        "label": "Font Name"
      },
      {
        "type": "text",
        "id": "custom_font_header",
        "label": "Custom Font URL"
      },
      {
        "type": "header",
        "content": "Paragraph Fonts"
      },
      {
        "type": "paragraph",
        "content": "Sets font for all paragraph text throughout store"
      },
      {
        "type": "font_picker",
        "id": "body_font",
        "label": "Default Paragraph Font",
        "default": "inconsolata_n4"
      },
      {
        "type": "checkbox",
        "id": "enable_custom_body_font",
        "label": "Enable Custom Font",
        "default": false
      },
      {
        "type": "text",
        "id": "custom_body_font_name",
        "label": "Font Name"
      },
      {
        "type": "text",
        "id": "custom_body_font",
        "label": "Custom Font URL"
      },
      {
        "type": "header",
        "content": "Button Fonts"
      },
      {
        "type": "font_picker",
        "id": "btn_font",
        "label": "Default Button Fonts",
        "default": "inconsolata_n4"
      },
      {
        "type": "checkbox",
        "id": "enable_custom_btn_font",
        "label": "Enable Custom Font",
        "default": false
      },
      {
        "type": "text",
        "id": "custom_btn_font_name",
        "label": "Font Name"
      },
      {
        "type": "text",
        "id": "custom_btn_font",
        "label": "Custom Font URL"
      },
      {
        "type": "header",
        "content": "Marquee Font"
      },
      {
        "type": "font_picker",
        "id": "marquee_font",
        "label": "Default Marquee Fonts",
        "default": "helvetica_n4"
      },
      {
        "type": "checkbox",
        "id": "enable_custom_marquee_font",
        "label": "Enable Custom Font",
        "default": false
      },
      {
        "type": "text",
        "id": "custom_marquee_font_name",
        "label": "Font Name"
      },
      {
        "type": "text",
        "id": "custom_marquee_font",
        "label": "Custom Font URL"
      }
    ]
  }
]
